rank,feature,is_global,feature_group
1,dtf_pct_21,False,colombia
2,dtf_logret_21,False,colombia
3,si_f_volume_roll_std126,True,metales
4,dtf_dist_max126,False,colombia
5,dtf_dist_max63,False,colombia
6,dtf_logret_5,False,colombia
7,gc_f_volume_roll_std63,True,oro_internacional
8,gc_f_volume_roll_std126,True,oro_internacional
9,hg_f_volume_roll_std126,True,metales
10,si_f_volume_roll_std63,True,metales
11,dtf_dist_max21,False,colombia
12,dtf_dist_min126,False,colombia
13,pa_f_volume_roll_std126,True,metales
14,dtf_dist_min63,False,colombia
15,precio_cafe_centusd_lag5,False,colombia
16,precio_oro_lag5,False,colombia
17,precio_cafe_centusd_lag1,False,colombia
18,precio_cafe_centusd,False,colombia
19,precio_oro_log,False,colombia
20,precio_cafe_centusd_log,False,colombia
21,precio_oro_lag1,False,colombia
22,precio_oro_lag63,False,colombia
23,precio_cafe_centusd_lag63,False,colombia
24,pl_f_volume_roll_std126,True,metales
25,dtf_dist_min21,False,colombia
26,precio_oro_roll_mean21,False,colombia
27,hg_f_volume_roll_std63,True,metales
28,inflacion_sin_alimentos_log,False,colombia
29,gc_f_volume_roll_mean126,True,oro_internacional
30,precio_oro_dist_min126,False,colombia
31,inflacion_sin_alimentos_lag5,False,colombia
32,inflacion_sin_alimentos,False,colombia
33,dtf_log,False,colombia
34,dtf_lag21,False,colombia
35,inflacion_sin_alimentos_lag1,False,colombia
36,dtf_lag5,False,colombia
37,dtf,False,colombia
38,dtf_lag63,False,colombia
39,inflacion_sin_alimentos_lag63,False,colombia
40,gc_f_high_dist_min63,True,oro_internacional
41,precio_cafe_centusd_dist_max126,False,colombia
42,si_f_volume_roll_mean126,True,metales
43,dtf_lag1,False,colombia
44,gc_f_adj_close_dist_min63,True,oro_internacional
45,gc_f_low_dist_min63,True,oro_internacional
46,gc_f_close_dist_min63,True,oro_internacional
47,gc_f_open_dist_min63,True,oro_internacional
48,qqq_adj_close_roll_mean126,True,renta_variable
49,precio_cafe_centusd_dist_min126,False,colombia
50,inflacion_sin_alimentos_dist_max126,False,colombia
51,gc_f_low_dist_max63,True,oro_internacional
52,pl_f_volume_roll_std63,True,metales
53,gc_f_volume_roll_mean63,True,oro_internacional
54,pa_f_volume_roll_std63,True,metales
55,gc_f_open_dist_min126,True,oro_internacional
56,gc_f_open_dist_max63,True,oro_internacional
57,qqq_open_roll_mean126,True,renta_variable
58,gc_f_close_dist_min126,True,oro_internacional
59,gc_f_high_dist_min126,True,oro_internacional
60,gc_f_adj_close_dist_min126,True,oro_internacional
61,qqq_high_roll_mean126,True,renta_variable
62,qqq_adj_close,True,renta_variable
63,qqq_adj_close_log,True,renta_variable
64,qqq_close_roll_mean126,True,renta_variable
65,qqq_low_roll_mean126,True,renta_variable
66,gc_f_low_dist_max126,True,oro_internacional
67,spy_adj_close_roll_mean126,True,renta_variable
68,gc_f_low_dist_min126,True,oro_internacional
69,gc_f_high_dist_max63,True,oro_internacional
70,precio_oro_roll_mean126,False,colombia
71,gc_f_close_dist_max63,True,oro_internacional
72,qqq_adj_close_lag1,True,renta_variable
73,trm_lag63,False,colombia
74,trm_lag21,False,colombia
75,inflacion_sin_alimentos_dist_min126,False,colombia
76,gc_f_adj_close_dist_max63,True,oro_internacional
77,spy_adj_close_lag21,True,renta_variable
78,spy_adj_close_lag63,True,renta_variable
79,qqq_high_lag21,True,renta_variable
80,precio_oro_dist_max126,False,colombia
81,gc_f_close_dist_max126,True,oro_internacional
82,gc_f_open_dist_max126,True,oro_internacional
83,gc_f_high_log,True,oro_internacional
84,qqq_close_log,True,renta_variable
85,qqq_high,True,renta_variable
86,qqq_high_log,True,renta_variable
87,gc_f_adj_close_dist_max126,True,oro_internacional
88,iau_open_dist_min63,True,oro_internacional
89,trm,False,colombia
90,qqq_open_log,True,renta_variable
91,spy_open_roll_mean126,True,renta_variable
92,qqq_open,True,renta_variable
93,spy_adj_close,True,renta_variable
94,trm_log,False,colombia
95,spy_adj_close_log,True,renta_variable
96,si_f_adj_close_dist_min63,True,metales
97,gld_low_dist_min63,True,oro_internacional
98,gc_f_high,True,oro_internacional
99,qqq_close,True,renta_variable
100,spy_high_log,True,renta_variable
101,spy_high_roll_mean126,True,renta_variable
102,si_f_close_dist_min63,True,metales
103,iau_close_dist_min63,True,oro_internacional
104,iau_high_dist_min63,True,oro_internacional
105,precio_cafe_centusd_dist_max63,False,colombia
106,qqq_low,True,renta_variable
107,spy_high,True,renta_variable
108,iau_adj_close_dist_min63,True,oro_internacional
109,qqq_low_log,True,renta_variable
110,bancolombia_price_usd_lag21,False,colombia
111,si_f_high_dist_min63,True,metales
112,si_f_volume_roll_mean63,True,metales
113,gc_f_high_dist_max126,True,oro_internacional
114,spy_close_roll_mean126,True,renta_variable
115,si_f_open_dist_min63,True,metales
116,trm_lag5,False,colombia
117,qqq_adj_close_lag21,True,renta_variable
118,pa_f_volume_roll_mean126,True,metales
119,qqq_high_lag1,True,renta_variable
120,gc_f_adj_close_lag63,True,oro_internacional
121,qqq_adj_close_lag63,True,renta_variable
122,trm_lag1,False,colombia
123,spy_adj_close_lag1,True,renta_variable
124,gc_f_low_roll_mean126,True,oro_internacional
125,qqq_open_lag1,True,renta_variable
126,iau_low_dist_min63,True,oro_internacional
127,gc_f_close_lag63,True,oro_internacional
128,qqq_open_lag21,True,renta_variable
129,gc_f_open,True,oro_internacional
130,gc_f_high_lag1,True,oro_internacional
131,spy_high_lag1,True,renta_variable
132,spy_close_log,True,renta_variable
133,gc_f_open_log,True,oro_internacional
134,spy_high_lag21,True,renta_variable
135,spy_open,True,renta_variable
136,gc_f_open_roll_mean126,True,oro_internacional
137,pl_f_low_dist_min126,True,metales
138,gld_high_dist_min63,True,oro_internacional
139,qqq_close_lag1,True,renta_variable
140,spy_open_log,True,renta_variable
141,spy_close,True,renta_variable
142,irx_open_dist_max126,True,tasas
143,si_f_low_dist_min63,True,metales
144,gc_f_close_roll_mean126,True,oro_internacional
145,qqq_close_lag21,True,renta_variable
146,precio_oro_dist_min63,False,colombia
147,gc_f_adj_close_roll_mean126,True,oro_internacional
148,qqq_low_lag1,True,renta_variable
149,si_f_low_dist_max126,True,metales
150,irx_high_dist_max126,True,tasas
151,si_f_close_dist_max63,True,metales
152,gld_adj_close_dist_min63,True,oro_internacional
153,gc_f_high_lag21,True,oro_internacional
154,spy_high_lag63,True,renta_variable
155,gc_f_low,True,oro_internacional
156,demanda_energetica_roll_mean126,False,colombia
157,gc_f_high_roll_mean126,True,oro_internacional
158,qqq_open_lag63,True,renta_variable
159,qqq_high_lag63,True,renta_variable
160,gld_close_dist_min63,True,oro_internacional
161,spy_close_lag63,True,renta_variable
162,si_f_adj_close_dist_max63,True,metales
163,si_f_open_dist_max126,True,metales
164,gc_f_low_log,True,oro_internacional
165,irx_close_dist_max126,True,tasas
166,irx_adj_close_dist_max126,True,tasas
167,si_f_high_dist_max126,True,metales
168,qqq_close_lag63,True,renta_variable
169,iau_adj_close_dist_max63,True,oro_internacional
170,pa_f_high_lag63,True,metales
171,gc_f_open_lag1,True,oro_internacional
172,gc_f_adj_close,True,oro_internacional
173,precio_cafe_centusd_dist_min63,False,colombia
174,gc_f_close,True,oro_internacional
175,spy_open_lag1,True,renta_variable
176,spy_close_lag21,True,renta_variable
177,spy_low_roll_mean126,True,renta_variable
178,pa_f_adj_close_lag63,True,metales
179,pa_f_open_lag63,True,metales
180,pa_f_close_lag63,True,metales
181,gc_f_low_lag1,True,oro_internacional
182,qqq_low_lag63,True,renta_variable
183,spy_close_lag1,True,renta_variable
184,qqq_low_lag21,True,renta_variable
185,gc_f_close_log,True,oro_internacional
186,spy_open_lag21,True,renta_variable
187,iau_high_dist_min126,True,oro_internacional
188,gc_f_open_lag63,True,oro_internacional
189,si_f_volume_dist_max126,True,metales
190,qqq_adj_close_lag5,True,renta_variable
191,pl_f_open_dist_min63,True,metales
192,irx_high_dist_max63,True,tasas
193,gc_f_adj_close_log,True,oro_internacional
194,si_f_open_dist_min126,True,metales
195,irx_adj_close_dist_max63,True,tasas
196,pa_f_low_dist_min126,True,metales
197,irx_close_dist_max63,True,tasas
198,irx_low_dist_max126,True,tasas
199,si_f_high_dist_min126,True,metales
200,gc_f_high_logret_21,True,oro_internacional
201,inflacion_sin_alimentos_dist_max63,False,colombia
202,gc_f_high_pct_21,True,oro_internacional
203,gc_f_close_lag1,True,oro_internacional
204,si_f_adj_close_dist_min126,True,metales
205,pa_f_open_lag21,True,metales
206,si_f_close_dist_min126,True,metales
207,si_f_close_dist_max126,True,metales
208,iau_high_dist_max63,True,oro_internacional
209,si_f_adj_close_dist_max126,True,metales
210,gc_f_adj_close_lag1,True,oro_internacional
211,gld_open_dist_min63,True,oro_internacional
212,gc_f_close_pct_21,True,oro_internacional
213,pa_f_close_lag21,True,metales
214,si_f_adj_close_log,True,metales
215,gc_f_close_logret_21,True,oro_internacional
216,gc_f_low_logret_21,True,oro_internacional
217,gc_f_adj_close_pct_21,True,oro_internacional
218,gc_f_adj_close_logret_21,True,oro_internacional
219,gc_f_low_lag21,True,oro_internacional
220,iau_close_dist_max63,True,oro_internacional
221,gc_f_low_pct_21,True,oro_internacional
222,gc_f_high_lag63,True,oro_internacional
223,si_f_close,True,metales
224,si_f_low_dist_max63,True,metales
225,precio_cafe_centusd_logret_21,False,colombia
226,pl_f_open_dist_min126,True,metales
227,pa_f_adj_close_lag21,True,metales
228,gc_f_volume_dist_max63,True,oro_internacional
229,trm_dist_max126,False,colombia
230,pa_f_low_lag63,True,metales
231,si_f_low_dist_min126,True,metales
232,irx_open_dist_max63,True,tasas
233,si_f_close_log,True,metales
234,gc_f_open_pct_21,True,oro_internacional
235,precio_cafe_centusd_pct_21,False,colombia
236,bancolombia_price_usd,False,colombia
237,si_f_adj_close,True,metales
238,gld_open_dist_max63,True,oro_internacional
239,pl_f_high_dist_min126,True,metales
240,gc_f_low_lag63,True,oro_internacional
241,gc_f_open_logret_21,True,oro_internacional
242,iau_open_dist_min126,True,oro_internacional
243,bancolombia_price_usd_log,False,colombia
244,spy_low_log,True,renta_variable
245,iau_open_dist_max63,True,oro_internacional
246,precio_oro_dist_max63,False,colombia
247,gc_f_open_lag21,True,oro_internacional
248,gld_high_dist_min126,True,oro_internacional
249,irx_low_dist_max63,True,tasas
250,spy_low,True,renta_variable
251,gld_high_dist_max63,True,oro_internacional
252,pl_f_low_dist_min63,True,metales
253,spy_open_lag63,True,renta_variable
254,si_f_open_dist_max63,True,metales
255,pa_f_high_lag21,True,metales
256,inflacion_sin_alimentos_pct_21,False,colombia
257,qqq_high_roll_mean63,True,renta_variable
258,iau_adj_close_dist_min126,True,oro_internacional
259,iau_adj_close_dist_max126,True,oro_internacional
260,spy_low_lag21,True,renta_variable
261,iau_low_dist_min126,True,oro_internacional
262,iau_close_dist_max126,True,oro_internacional
263,iau_low_dist_max63,True,oro_internacional
264,pa_f_low,True,metales
265,gc_f_close_lag21,True,oro_internacional
266,gc_f_adj_close_lag21,True,oro_internacional
267,qqq_volume_lag21,True,renta_variable
268,precio_oro_logret_21,False,colombia
269,pl_f_volume_roll_mean126,True,metales
270,bancolombia_price_usd_lag1,False,colombia
271,si_f_high_lag63,True,metales
272,slv_high_dist_min63,True,metales
273,pl_f_open_dist_max126,True,metales
274,pa_f_low_log,True,metales
275,spy_low_lag63,True,renta_variable
276,si_f_adj_close_lag63,True,metales
277,pl_f_high_dist_min63,True,metales
278,precio_oro_pct_21,False,colombia
279,spy_volume,True,renta_variable
280,si_f_high_dist_max63,True,metales
281,irx_low_dist_min126,True,tasas
282,spy_volume_log,True,renta_variable
283,gld_high_dist_max126,True,oro_internacional
284,si_f_close_lag1,True,metales
285,precio_oro_lag21,False,colombia
286,si_f_close_lag63,True,metales
287,gld_adj_close_dist_min126,True,oro_internacional
288,iau_close_dist_min126,True,oro_internacional
289,slv_open_dist_min63,True,metales
290,bancolombia_price_usd_lag63,False,colombia
291,trm_dist_max63,False,colombia
292,gld_low_dist_min126,True,oro_internacional
293,hg_f_open_lag63,True,metales
294,slv_low_dist_min63,True,metales
295,si_f_low_lag21,True,metales
296,inflacion_sin_alimentos_logret_21,False,colombia
297,gld_close_dist_min126,True,oro_internacional
298,hg_f_low_dist_min126,True,metales
299,si_f_adj_close_lag1,True,metales
300,si_f_open_log,True,metales
301,si_f_adj_close_lag21,True,metales
302,hg_f_low_lag63,True,metales
303,qqq_high_lag5,True,renta_variable
304,qqq_open_roll_mean63,True,renta_variable
305,spy_adj_close_lag5,True,renta_variable
306,pa_f_low_lag1,True,metales
307,gld_adj_close_dist_max63,True,oro_internacional
308,si_f_high_logret_21,True,metales
309,pa_f_low_lag21,True,metales
310,qqq_open_lag5,True,renta_variable
311,dx_y_nyb_high_dist_max126,True,dolar
312,si_f_open,True,metales
313,tnx_low_dist_max126,True,tasas
314,si_f_high_pct_21,True,metales
315,si_f_close_lag21,True,metales
316,iau_low_dist_max126,True,oro_internacional
317,hg_f_high_lag63,True,metales
318,irx_adj_close_dist_min126,True,tasas
319,dx_y_nyb_high_dist_max63,True,dolar
320,si_f_volume_dist_max63,True,metales
321,gc_f_open_lag5,True,oro_internacional
322,irx_low_dist_min63,True,tasas
323,trm_dist_min126,False,colombia
324,iau_open_dist_max126,True,oro_internacional
325,trm_dist_min63,False,colombia
326,gld_close_dist_max63,True,oro_internacional
327,iau_high_dist_max126,True,oro_internacional
328,pa_f_high_dist_min126,True,metales
329,gc_f_volume_dist_max126,True,oro_internacional
330,si_f_low_lag63,True,metales
331,qqq_volume_lag63,True,renta_variable
332,precio_cafe_centusd_lag21,False,colombia
333,pl_f_open_dist_max63,True,metales
334,pa_f_open_dist_min126,True,metales
335,irx_open_dist_min126,True,tasas
336,dx_y_nyb_high_dist_min63,True,dolar
337,pl_f_high_dist_max63,True,metales
338,pl_f_adj_close_dist_max126,True,metales
339,hg_f_high_dist_min126,True,metales
340,tnx_open_lag21,True,tasas
341,hg_f_close_dist_min126,True,metales
342,spy_low_lag1,True,renta_variable
343,pl_f_close_dist_min126,True,metales
344,irx_close_dist_min126,True,tasas
345,bancolombia_price_usd_dist_min126,False,colombia
346,hg_f_adj_close_dist_min126,True,metales
347,qqq_low_lag5,True,renta_variable
348,pl_f_adj_close_lag63,True,metales
349,cl_f_volume_dist_max126,True,energia
350,gld_open_dist_min126,True,oro_internacional
351,pa_f_low_logret_21,True,metales
352,dx_y_nyb_open_dist_max126,True,dolar
353,hg_f_adj_close_lag63,True,metales
354,pl_f_open_lag21,True,metales
355,pl_f_close_dist_max63,True,metales
356,tnx_open_dist_max126,True,tasas
357,gld_low_dist_max63,True,oro_internacional
358,precio_brent_lag21,False,energia
359,pa_f_low_pct_21,True,metales
360,hg_f_close_lag63,True,metales
361,hg_f_open_dist_min63,True,metales
362,dx_y_nyb_low_dist_max63,True,dolar
363,cl_f_high_lag21,True,energia
364,spy_volume_lag1,True,renta_variable
365,pa_f_high,True,metales
366,pl_f_high_lag21,True,metales
367,bancolombia_price_usd_lag5,False,colombia
368,si_f_open_pct_21,True,metales
369,pa_f_adj_close_log,True,metales
370,pa_f_low_dist_min63,True,metales
371,gld_high_log,True,oro_internacional
372,pl_f_close_dist_min63,True,metales
373,si_f_open_lag63,True,metales
374,pl_f_adj_close_dist_min126,True,metales
375,si_f_open_logret_21,True,metales
376,pa_f_close,True,metales
377,si_f_low_logret_21,True,metales
378,pa_f_high_pct_21,True,metales
379,gld_high,True,oro_internacional
380,hg_f_adj_close_lag21,True,metales
381,pl_f_close_lag63,True,metales
382,gc_f_high_lag5,True,oro_internacional
383,pl_f_close_lag21,True,metales
384,spy_low_dist_min126,True,renta_variable
385,hg_f_low_lag21,True,metales
386,pl_f_adj_close_dist_min63,True,metales
387,qqq_close_roll_mean63,True,renta_variable
388,si_f_low_log,True,metales
389,pa_f_close_log,True,metales
390,tnx_open,True,tasas
391,tnx_low_lag63,True,tasas
392,spy_high_lag5,True,renta_variable
393,inflacion_sin_alimentos_dist_min63,False,colombia
394,tnx_adj_close_dist_min126,True,tasas
395,spy_open_lag5,True,renta_variable
396,pa_f_high_logret_21,True,metales
397,pl_f_adj_close_lag21,True,metales
398,hg_f_close_lag21,True,metales
399,pa_f_open_log,True,metales
400,pa_f_adj_close,True,metales
401,si_f_low_pct_21,True,metales
402,iau_open_pct_21,True,oro_internacional
403,pl_f_close_dist_max126,True,metales
404,si_f_low,True,metales
405,hg_f_open_lag21,True,metales
406,si_f_high_log,True,metales
407,si_f_open_lag21,True,metales
408,dx_y_nyb_high,True,dolar
409,qqq_close_lag5,True,renta_variable
410,cl_f_volume_dist_max63,True,energia
411,si_f_high,True,metales
412,pa_f_high_log,True,metales
413,hg_f_volume_dist_max63,True,metales
414,dx_y_nyb_low_dist_max126,True,dolar
415,si_f_high_lag21,True,metales
416,dx_y_nyb_low_dist_min63,True,dolar
417,pl_f_open_lag63,True,metales
418,qqq_adj_close_roll_mean63,True,renta_variable
419,bancolombia_price_usd_dist_max126,False,colombia
420,tnx_adj_close_dist_max126,True,tasas
421,dx_y_nyb_low_dist_min126,True,dolar
422,spy_volume_lag21,True,renta_variable
423,cl_f_low_lag63,True,energia
424,dx_y_nyb_open_dist_max63,True,dolar
425,qqq_volume,True,renta_variable
426,irx_high_dist_min126,True,tasas
427,gc_f_low_lag5,True,oro_internacional
428,spy_close_lag5,True,renta_variable
429,dx_y_nyb_close_dist_max126,True,dolar
430,qqq_volume_log,True,renta_variable
431,iau_open_logret_21,True,oro_internacional
432,pl_f_high_log,True,metales
433,tnx_close_dist_max126,True,tasas
434,hg_f_open_dist_max126,True,metales
435,hg_f_close_dist_max126,True,metales
436,dx_y_nyb_high_lag21,True,dolar
437,dx_y_nyb_high_pct_21,True,dolar
438,slv_low_dist_max63,True,metales
439,dx_y_nyb_close_dist_min126,True,dolar
440,dx_y_nyb_high_logret_21,True,dolar
441,pa_f_open,True,metales
442,tnx_low,True,tasas
443,dx_y_nyb_high_log,True,dolar
444,cl_f_low_dist_min126,True,energia
445,pa_f_adj_close_lag1,True,metales
446,pa_f_open_dist_min63,True,metales
447,vix_open_dist_max126,True,riesgo
448,irx_high_dist_min63,True,tasas
449,dx_y_nyb_adj_close_dist_max126,True,dolar
450,cl_f_open,True,energia
451,pl_f_high,True,metales
452,pl_f_adj_close_dist_max63,True,metales
453,spy_adj_close_roll_mean63,True,renta_variable
454,irx_low_dist_max21,True,tasas
455,tnx_open_log,True,tasas
456,irx_close_dist_max21,True,tasas
457,si_f_close_logret_21,True,metales
458,dayofyear,False,colombia
459,pl_f_adj_close_pct_21,True,metales
460,vix_low_dist_min126,True,riesgo
461,dx_y_nyb_adj_close_dist_max63,True,dolar
462,hg_f_adj_close_dist_min63,True,metales
463,gc_f_close_dist_min21,True,oro_internacional
464,dx_y_nyb_high_dist_min126,True,dolar
465,pa_f_close_lag1,True,metales
466,precio_cafe_centusd_roll_mean21,False,colombia
467,precio_brent_log,False,energia
468,tnx_close_dist_min126,True,tasas
469,cl_f_adj_close_lag21,True,energia
470,pl_f_high_lag63,True,metales
471,hg_f_low,True,metales
472,gc_f_adj_close_dist_min21,True,oro_internacional
473,tnx_high_dist_min63,True,tasas
474,cl_f_high_lag63,True,energia
475,hg_f_low_dist_max126,True,metales
476,tnx_high,True,tasas
477,precio_brent,False,energia
478,spy_close_dist_min126,True,renta_variable
479,cl_f_open_log,True,energia
480,hg_f_close_dist_min63,True,metales
481,dx_y_nyb_adj_close_dist_min126,True,dolar
482,tnx_high_log,True,tasas
483,si_f_adj_close_pct_21,True,metales
484,gld_high_lag21,True,oro_internacional
485,pl_f_close,True,metales
486,hg_f_low_dist_min63,True,metales
487,pa_f_high_lag1,True,metales
488,pa_f_close_dist_min126,True,metales
489,si_f_adj_close_logret_21,True,metales
490,hg_f_low_log,True,metales
491,gld_low_lag21,True,oro_internacional
492,irx_open_dist_max21,True,tasas
493,si_f_close_pct_21,True,metales
494,pa_f_close_logret_21,True,metales
495,si_f_open_lag1,True,metales
496,pa_f_adj_close_dist_min126,True,metales
497,pl_f_low,True,metales
498,iau_close_logret_21,True,oro_internacional
499,dx_y_nyb_close_dist_max63,True,dolar
500,pl_f_low_dist_max126,True,metales
501,hg_f_open_dist_max63,True,metales
502,irx_adj_close_dist_max21,True,tasas
503,hg_f_open,True,metales
504,hg_f_high_lag21,True,metales
505,pl_f_high_dist_max126,True,metales
506,pa_f_high_dist_min63,True,metales
507,pl_f_low_lag63,True,metales
508,pl_f_close_logret_21,True,metales
509,irx_adj_close_dist_min63,True,tasas
510,hg_f_adj_close_dist_max126,True,metales
511,pl_f_close_pct_21,True,metales
512,gld_low_dist_max126,True,oro_internacional
513,cl_f_close_lag21,True,energia
514,spy_volume_lag63,True,renta_variable
515,hg_f_high,True,metales
516,slv_close_dist_max126,True,metales
517,hg_f_high_dist_min63,True,metales
518,pl_f_low_dist_max63,True,metales
519,tnx_low_lag1,True,tasas
520,slv_open_dist_max63,True,metales
521,hg_f_close_log,True,metales
522,pl_f_adj_close,True,metales
523,pl_f_adj_close_logret_21,True,metales
524,pa_f_open_lag1,True,metales
525,pa_f_adj_close_logret_21,True,metales
526,dx_y_nyb_low_lag21,True,dolar
527,dx_y_nyb_high_lag1,True,dolar
528,cl_f_volume,True,energia
529,tnx_low_log,True,tasas
530,cl_f_high,True,energia
531,tnx_open_lag1,True,tasas
532,pl_f_open,True,metales
533,gld_high_lag63,True,oro_internacional
534,pa_f_close_pct_21,True,metales
535,spy_adj_close_dist_min126,True,renta_variable
536,pa_f_adj_close_dist_min63,True,metales
537,tnx_low_dist_max63,True,tasas
538,spy_volume_dist_min126,True,renta_variable
539,cl_f_low_lag21,True,energia
540,cl_f_open_lag63,True,energia
541,precio_brent_lag1,False,energia
542,irx_close_pct_21,True,tasas
543,pl_f_low_log,True,metales
544,pa_f_adj_close_pct_21,True,metales
545,qqq_volume_dist_max63,True,renta_variable
546,hg_f_adj_close_log,True,metales
547,cl_f_adj_close_lag63,True,energia
548,slv_adj_close_dist_min63,True,metales
549,pl_f_open_logret_21,True,metales
550,pl_f_close_log,True,metales
551,dx_y_nyb_low_pct_21,True,dolar
552,dx_y_nyb_low_logret_21,True,dolar
553,pl_f_adj_close_log,True,metales
554,cl_f_volume_lag21,True,energia
555,hg_f_high_lag1,True,metales
556,precio_brent_lag63,False,energia
557,dx_y_nyb_adj_close_dist_min63,True,dolar
558,pa_f_close_dist_min63,True,metales
559,pl_f_high_lag1,True,metales
560,tnx_adj_close_log,True,tasas
561,pa_f_open_dist_max63,True,metales
562,irx_high_dist_max21,True,tasas
563,slv_low_dist_min126,True,metales
564,hg_f_volume_dist_max126,True,metales
565,si_f_high_lag1,True,metales
566,tnx_adj_close,True,tasas
567,cl_f_high_dist_min126,True,energia
568,hg_f_open_log,True,metales
569,cl_f_volume_log,True,energia
570,hg_f_adj_close_dist_max63,True,metales
571,tnx_low_dist_min126,True,tasas
572,cl_f_high_log,True,energia
573,gld_high_lag1,True,oro_internacional
574,gc_f_close_lag5,True,oro_internacional
575,pl_f_open_pct_21,True,metales
576,cl_f_volume_dist_min126,True,energia
577,gc_f_adj_close_lag5,True,oro_internacional
578,hg_f_adj_close,True,metales
579,hg_f_high_log,True,metales
580,tnx_close_log,True,tasas
581,pa_f_open_pct_21,True,metales
582,hg_f_close,True,metales
583,gc_f_low_dist_min21,True,oro_internacional
584,iau_adj_close_pct_21,True,oro_internacional
585,hg_f_close_dist_max63,True,metales
586,cl_f_low_dist_min63,True,energia
587,gld_open_dist_max126,True,oro_internacional
588,irx_close_dist_min63,True,tasas
589,pl_f_open_log,True,metales
590,dx_y_nyb_open_dist_min63,True,dolar
591,cl_f_adj_close_log,True,energia
592,irx_open_dist_min63,True,tasas
593,gld_adj_close_lag21,True,oro_internacional
594,irx_adj_close_pct_21,True,tasas
595,cl_f_low_dist_max126,True,energia
596,bancolombia_price_usd_dist_max63,False,colombia
597,gld_low_log,True,oro_internacional
598,iau_adj_close_logret_21,True,oro_internacional
599,pl_f_low_lag21,True,metales
600,qqq_volume_dist_max126,True,renta_variable
601,hg_f_high_pct_21,True,metales
602,dx_y_nyb_open_lag21,True,dolar
603,slv_close_dist_min63,True,metales
604,tnx_close,True,tasas
605,pl_f_low_logret_21,True,metales
606,tnx_high_lag21,True,tasas
607,bancolombia_price_usd_pct_21,False,colombia
608,hg_f_close_lag1,True,metales
609,tnx_open_dist_max63,True,tasas
610,spy_close_dist_max126,True,renta_variable
611,pa_f_open_logret_21,True,metales
612,slv_high_dist_min126,True,metales
613,dx_y_nyb_close_dist_min63,True,dolar
614,slv_adj_close_dist_max126,True,metales
615,spy_volume_dist_max126,True,renta_variable
616,gld_open_lag21,True,oro_internacional
617,si_f_low_lag1,True,metales
618,cl_f_close,True,energia
619,spy_volume_dist_min63,True,renta_variable
620,gc_f_high_dist_min21,True,oro_internacional
621,hg_f_adj_close_lag1,True,metales
622,gld_close_dist_max126,True,oro_internacional
623,cl_f_close_lag63,True,energia
624,tnx_close_lag21,True,tasas
625,bancolombia_price_usd_logret_21,False,colombia
626,pa_f_high_dist_max126,True,metales
627,spy_volume_dist_max63,True,renta_variable
628,vix_open_dist_min126,True,riesgo
629,qqq_high_dist_min126,True,renta_variable
630,gld_low_lag63,True,oro_internacional
631,dx_y_nyb_open_dist_min126,True,dolar
632,gld_low,True,oro_internacional
633,iau_close_pct_21,True,oro_internacional
634,tnx_open_dist_min126,True,tasas
635,pa_f_open_dist_max126,True,metales
636,pl_f_adj_close_lag1,True,metales
637,bancolombia_price_usd_dist_min63,False,colombia
638,cl_f_adj_close,True,energia
639,hg_f_high_logret_21,True,metales
640,pl_f_close_lag1,True,metales
641,cl_f_open_dist_min126,True,energia
642,pl_f_volume_dist_max63,True,metales
643,slv_open_dist_max126,True,metales
644,gld_high_pct_21,True,oro_internacional
645,cl_f_adj_close_dist_min63,True,energia
646,cl_f_close_log,True,energia
647,cl_f_close_dist_min126,True,energia
648,gld_close_lag21,True,oro_internacional
649,cl_f_open_lag1,True,energia
650,gld_open_pct_21,True,oro_internacional
651,hg_f_high_dist_max126,True,metales
652,qqq_volume_dist_min63,True,renta_variable
653,tnx_high_dist_max126,True,tasas
654,gld_adj_close_dist_max126,True,oro_internacional
655,gld_high_logret_21,True,oro_internacional
656,trm_pct_21,False,colombia
657,tnx_close_dist_min63,True,tasas
658,trm_logret_21,False,colombia
659,irx_adj_close_logret_21,True,tasas
660,slv_low_dist_max126,True,metales
661,dx_y_nyb_low,True,dolar
662,irx_close_logret_21,True,tasas
663,dx_y_nyb_open_logret_21,True,dolar
664,cl_f_low,True,energia
665,tnx_adj_close_lag21,True,tasas
666,pl_f_low_pct_21,True,metales
667,cl_f_adj_close_dist_min126,True,energia
668,gld_close_log,True,oro_internacional
669,precio_oro_roll_mean63,False,colombia
670,vix_high_dist_max126,True,riesgo
671,pl_f_open_lag1,True,metales
672,pl_f_low_lag1,True,metales
673,hg_f_open_lag1,True,metales
674,spy_high_dist_min126,True,renta_variable
675,tnx_high_lag1,True,tasas
676,cl_f_close_dist_min63,True,energia
677,gld_open_logret_21,True,oro_internacional
678,cl_f_high_pct_21,True,energia
679,pa_f_low_dist_max126,True,metales
680,pa_f_low_dist_max63,True,metales
681,cl_f_high_logret_21,True,energia
682,slv_adj_close_logret_21,True,metales
683,cl_f_open_lag21,True,energia
684,dx_y_nyb_open_pct_21,True,dolar
685,pa_f_low_lag5,True,metales
686,iau_high_logret_21,True,oro_internacional
687,qqq_open_dist_min126,True,renta_variable
688,vix_low_dist_max63,True,riesgo
689,tnx_close_dist_max63,True,tasas
690,tnx_adj_close_dist_min63,True,tasas
691,qqq_open_pct_21,True,renta_variable
692,dx_y_nyb_close_logret_21,True,dolar
693,dx_y_nyb_adj_close_pct_21,True,dolar
694,gc_f_open_dist_min21,True,oro_internacional
695,dx_y_nyb_low_log,True,dolar
696,cl_f_volume_dist_min63,True,energia
697,cl_f_volume_lag63,True,energia
698,cl_f_low_log,True,energia
699,tnx_adj_close_dist_max63,True,tasas
700,qqq_low_roll_mean63,True,renta_variable
701,tnx_low_lag21,True,tasas
702,vix_close_dist_max126,True,riesgo
703,gld_close,True,oro_internacional
704,irx_low_pct_21,True,tasas
705,dx_y_nyb_adj_close_logret_21,True,dolar
706,iau_high_pct_21,True,oro_internacional
707,dx_y_nyb_close_pct_21,True,dolar
708,slv_high_dist_max126,True,metales
709,qqq_open_logret_21,True,renta_variable
710,slv_close_dist_max63,True,metales
711,iau_low_pct_21,True,oro_internacional
712,qqq_adj_close_dist_min126,True,renta_variable
713,slv_close_logret_21,True,metales
714,vix_adj_close_dist_max126,True,riesgo
715,cl_f_high_dist_max63,True,energia
716,slv_adj_close_dist_max63,True,metales
717,tnx_close_lag1,True,tasas
718,cl_f_open_pct_21,True,energia
719,qqq_volume_dist_min126,True,renta_variable
720,cl_f_open_logret_21,True,energia
721,gld_adj_close_log,True,oro_internacional
722,slv_open_dist_min126,True,metales
723,precio_brent_dist_min126,False,energia
724,slv_high_dist_max63,True,metales
725,slv_adj_close_pct_21,True,metales
726,hg_f_low_dist_max63,True,metales
727,gld_adj_close_pct_21,True,oro_internacional
728,tnx_high_dist_min126,True,tasas
729,si_f_low_dist_min21,True,metales
730,tnx_high_lag63,True,tasas
731,cl_f_adj_close_lag1,True,energia
732,pa_f_close_dist_max126,True,metales
733,dx_y_nyb_open_log,True,dolar
734,iau_low_logret_21,True,oro_internacional
735,hg_f_open_dist_min126,True,metales
736,gld_low_lag1,True,oro_internacional
737,pa_f_adj_close_dist_max126,True,metales
738,vix_high_dist_max63,True,riesgo
739,gld_close_logret_21,True,oro_internacional
740,hg_f_low_lag1,True,metales
741,tnx_adj_close_lag1,True,tasas
742,tnx_close_lag63,True,tasas
743,vix_close_dist_max63,True,riesgo
744,tnx_open_lag63,True,tasas
745,cl_f_close_lag1,True,energia
746,qqq_close_dist_min63,True,renta_variable
747,gc_f_volume_dist_max21,True,oro_internacional
748,dx_y_nyb_open,True,dolar
749,gld_close_pct_21,True,oro_internacional
750,cl_f_volume_lag1,True,energia
751,cl_f_high_lag1,True,energia
752,gld_adj_close,True,oro_internacional
753,inflacion_sin_alimentos_lag21,False,colombia
754,irx_low_logret_21,True,tasas
755,gld_close_lag63,True,oro_internacional
756,vix_low_dist_min63,True,riesgo
757,qqq_adj_close_dist_max126,True,renta_variable
758,bancolombia_price_usd_dist_min21,False,colombia
759,slv_close_pct_21,True,metales
760,gc_f_low_dist_max21,True,oro_internacional
761,spy_open_dist_max126,True,renta_variable
762,spy_adj_close_dist_min63,True,renta_variable
763,vix_adj_close_dist_max63,True,riesgo
764,pl_f_high_logret_21,True,metales
765,hg_f_high_dist_max63,True,metales
766,spy_low_dist_max63,True,renta_variable
767,spy_close_roll_mean63,True,renta_variable
768,cl_f_high_dist_min63,True,energia
769,si_f_open_dist_min21,True,metales
770,tnx_open_dist_min63,True,tasas
771,pa_f_close_lag5,True,metales
772,hg_f_open_logret_21,True,metales
773,qqq_open_dist_min63,True,renta_variable
774,hg_f_volume_dist_min63,True,metales
775,gld_low_pct_21,True,oro_internacional
776,slv_adj_close_dist_min126,True,metales
777,qqq_volume_lag1,True,renta_variable
778,vix_high_logret_21,True,riesgo
779,pl_f_high_pct_21,True,metales
780,gld_low_logret_21,True,oro_internacional
781,tnx_high_dist_max63,True,tasas
782,hg_f_open_pct_21,True,metales
783,vix_high_pct_21,True,riesgo
784,dx_y_nyb_close_lag21,True,dolar
785,dx_y_nyb_low_lag1,True,dolar
786,spy_low_dist_min63,True,renta_variable
787,spy_high_pct_21,True,renta_variable
788,cl_f_close_dist_max126,True,energia
789,spy_high_logret_21,True,renta_variable
790,dx_y_nyb_adj_close_lag21,True,dolar
791,gld_adj_close_logret_21,True,oro_internacional
792,hg_f_volume_dist_max21,True,metales
793,vix_adj_close_dist_min126,True,riesgo
794,tnx_high_dist_min21,True,tasas
795,gld_adj_close_lag1,True,oro_internacional
796,dx_y_nyb_low_dist_max21,True,dolar
797,slv_close_dist_min126,True,metales
798,spy_high_roll_mean63,True,renta_variable
799,demanda_energetica_roll_mean63,False,colombia
800,vix_low_dist_max126,True,riesgo
801,spy_low_lag5,True,renta_variable
802,gld_open,True,oro_internacional
803,hg_f_volume_pct_21,True,metales
804,tnx_low_dist_min63,True,tasas
805,gld_close_lag1,True,oro_internacional
806,qqq_close_dist_min126,True,renta_variable
807,irx_high_logret_21,True,tasas
808,cl_f_volume_dist_max21,True,energia
809,tnx_close_pct_21,True,tasas
810,vix_adj_close_logret_21,True,riesgo
811,vix_close_dist_min126,True,riesgo
812,tnx_close_logret_21,True,tasas
813,vix_open_dist_max63,True,riesgo
814,tnx_adj_close_logret_21,True,tasas
815,cl_f_open_dist_min63,True,energia
816,pa_f_adj_close_lag5,True,metales
817,tnx_adj_close_pct_21,True,tasas
818,gld_open_log,True,oro_internacional
819,dx_y_nyb_close_lag1,True,dolar
820,vix_close_logret_21,True,riesgo
821,vix_close_pct_21,True,riesgo
822,gc_f_open_dist_max21,True,oro_internacional
823,spy_open_dist_max63,True,renta_variable
824,qqq_close_dist_max63,True,renta_variable
825,gld_open_lag1,True,oro_internacional
826,spy_open_roll_mean63,True,renta_variable
827,vix_adj_close_pct_21,True,riesgo
828,spy_open_dist_min126,True,renta_variable
829,irx_high_pct_21,True,tasas
830,qqq_low_dist_min126,True,renta_variable
831,gld_open_lag63,True,oro_internacional
832,irx_low_dist_min21,True,tasas
833,bancolombia_price_usd_dist_max21,False,colombia
834,hg_f_volume_logret_21,True,metales
835,vix_high_dist_min126,True,riesgo
836,pa_f_volume_dist_max126,True,metales
837,inflacion_sin_alimentos_roll_mean21,False,colombia
838,pa_f_open_dist_min21,True,metales
839,tnx_low_pct_21,True,tasas
840,tnx_low_logret_21,True,tasas
841,cl_f_low_logret_21,True,energia
842,irx_high,True,tasas
843,cl_f_adj_close_dist_max126,True,energia
844,irx_high_lag63,True,tasas
845,gld_adj_close_lag63,True,oro_internacional
846,tnx_adj_close_lag63,True,tasas
847,qqq_open_dist_max126,True,renta_variable
848,spy_close_dist_max63,True,renta_variable
849,cl_f_high_dist_max126,True,energia
850,pl_f_adj_close_lag5,True,metales
851,dx_y_nyb_close_log,True,dolar
852,vix_open_dist_min63,True,riesgo
853,gc_f_volume_roll_std21,True,oro_internacional
854,precio_brent_dist_max126,False,energia
855,dx_y_nyb_close,True,dolar
856,si_f_open_lag5,True,metales
857,dx_y_nyb_open_lag63,True,dolar
858,hg_f_volume_dist_min126,True,metales
859,cl_f_low_lag1,True,energia
860,qqq_volume_logret_21,True,renta_variable
861,cl_f_low_pct_21,True,energia
862,cl_f_close_dist_max63,True,energia
863,tnx_low_lag5,True,tasas
864,qqq_volume_pct_21,True,renta_variable
865,si_f_adj_close_dist_min21,True,metales
866,iau_close_dist_min21,True,oro_internacional
867,qqq_high_dist_max63,True,renta_variable
868,pa_f_high_dist_max63,True,metales
869,tnx_open_pct_21,True,tasas
870,tnx_open_logret_21,True,tasas
871,dx_y_nyb_adj_close_lag1,True,dolar
872,spy_low_dist_max126,True,renta_variable
873,cl_f_adj_close_pct_21,True,energia
874,dx_y_nyb_high_dist_min21,True,dolar
875,cl_f_open_dist_max126,True,energia
876,cl_f_close_pct_21,True,energia
877,cl_f_close_logret_21,True,energia
878,irx_open_lag1,True,tasas
879,pa_f_open_lag5,True,metales
880,irx_high_log,True,tasas
881,irx_open_lag63,True,tasas
882,precio_brent_dist_min63,False,energia
883,irx_adj_close,True,tasas
884,dx_y_nyb_high_lag63,True,dolar
885,dx_y_nyb_open_lag1,True,dolar
886,qqq_open_dist_max63,True,renta_variable
887,qqq_high_pct_21,True,renta_variable
888,qqq_high_logret_21,True,renta_variable
889,cl_f_low_dist_max63,True,energia
890,cl_f_adj_close_logret_21,True,energia
891,qqq_high_dist_max126,True,renta_variable
892,hg_f_low_pct_21,True,metales
893,si_f_close_dist_min21,True,metales
894,si_f_adj_close_lag5,True,metales
895,si_f_open_dist_max21,True,metales
896,dx_y_nyb_adj_close_log,True,dolar
897,gc_f_close_dist_max21,True,oro_internacional
898,spy_open_dist_min63,True,renta_variable
899,pa_f_high_lag5,True,metales
900,si_f_adj_close_dist_max21,True,metales
901,iau_high_roll_mean126,True,oro_internacional
902,si_f_high_lag5,True,metales
903,dx_y_nyb_adj_close,True,dolar
904,hg_f_close_pct_21,True,metales
905,si_f_close_lag5,True,metales
906,cl_f_open_lag5,True,energia
907,hg_f_adj_close_pct_21,True,metales
908,spy_low_logret_21,True,renta_variable
909,spy_volume_lag5,True,renta_variable
910,hg_f_low_logret_21,True,metales
911,spy_high_dist_max126,True,renta_variable
912,spy_low_pct_21,True,renta_variable
913,pl_f_close_lag5,True,metales
914,gld_volume_dist_max126,True,oro_internacional
915,iau_adj_close_dist_min21,True,oro_internacional
916,hg_f_close_dist_min21,True,metales
917,hg_f_adj_close_logret_21,True,metales
918,spy_high_dist_min63,True,renta_variable
919,tnx_open_lag5,True,tasas
920,iau_adj_close_roll_mean126,True,oro_internacional
921,qqq_adj_close_dist_min63,True,renta_variable
922,vix_low_logret_21,True,riesgo
923,tnx_adj_close_dist_max21,True,tasas
924,pa_f_adj_close_dist_max63,True,metales
925,vix_low_pct_21,True,riesgo
926,iau_volume,True,oro_internacional
927,hg_f_close_logret_21,True,metales
928,iau_adj_close_log,True,oro_internacional
929,qqq_low_dist_max126,True,renta_variable
930,pl_f_open_lag5,True,metales
931,spy_adj_close_dist_max126,True,renta_variable
932,trm_dist_max21,False,colombia
933,tnx_high_logret_21,True,tasas
934,dx_y_nyb_high_lag5,True,dolar
935,dx_y_nyb_close_lag63,True,dolar
936,tnx_high_pct_21,True,tasas
937,cl_f_volume_pct_21,True,energia
938,spy_open_pct_21,True,renta_variable
939,spy_open_logret_21,True,renta_variable
940,dx_y_nyb_adj_close_lag63,True,dolar
941,tnx_close_dist_max21,True,tasas
942,qqq_close_dist_max126,True,renta_variable
943,qqq_adj_close_logret_21,True,renta_variable
944,cl_f_volume_logret_21,True,energia
945,iau_high_dist_min21,True,oro_internacional
946,slv_high_pct_21,True,metales
947,iau_adj_close,True,oro_internacional
948,qqq_low_dist_min63,True,renta_variable
949,gc_f_high_dist_max21,True,oro_internacional
950,hg_f_adj_close_dist_min21,True,metales
951,qqq_adj_close_pct_21,True,renta_variable
952,tnx_open_dist_max21,True,tasas
953,dx_y_nyb_close_dist_max21,True,dolar
954,irx_open_log,True,tasas
955,dx_y_nyb_low_lag63,True,dolar
956,iau_close,True,oro_internacional
957,irx_high_lag1,True,tasas
958,pa_f_low_dist_min21,True,metales
959,qqq_adj_close_dist_max63,True,renta_variable
960,cl_f_adj_close_dist_max63,True,energia
961,gld_high_lag5,True,oro_internacional
962,si_f_close_dist_max21,True,metales
963,si_f_high_dist_max21,True,metales
964,qqq_high_dist_min63,True,renta_variable
965,vix_high_dist_min63,True,riesgo
966,vix_open_dist_max21,True,riesgo
967,spy_volume_logret_21,True,renta_variable
968,spy_volume_pct_21,True,renta_variable
969,iau_volume_log,True,oro_internacional
970,si_f_high_dist_min21,True,metales
971,iau_volume_lag21,True,oro_internacional
972,iau_volume_lag1,True,oro_internacional
973,irx_adj_close_lag63,True,tasas
974,pa_f_close_dist_max63,True,metales
975,precio_brent_lag5,False,energia
976,iau_close_log,True,oro_internacional
977,irx_open_pct_21,True,tasas
978,dx_y_nyb_adj_close_dist_max21,True,dolar
979,trm_dist_min21,False,colombia
980,cl_f_close_lag5,True,energia
981,gc_f_adj_close_dist_max21,True,oro_internacional
982,tnx_adj_close_lag5,True,tasas
983,pl_f_volume_roll_mean63,True,metales
984,dx_y_nyb_open_dist_min21,True,dolar
985,spy_volume_dist_max21,True,renta_variable
986,tnx_close_lag5,True,tasas
987,spy_adj_close_pct_21,True,renta_variable
988,spy_adj_close_logret_21,True,renta_variable
989,iau_close_roll_mean126,True,oro_internacional
990,spy_adj_close_dist_min21,True,renta_variable
991,vix_low_dist_max21,True,riesgo
992,pl_f_volume_dist_max126,True,metales
993,irx_open_dist_min21,True,tasas
994,gld_volume_lag1,True,oro_internacional
995,hg_f_adj_close_lag5,True,metales
996,dx_y_nyb_open_dist_max21,True,dolar
997,spy_open_dist_min21,True,renta_variable
998,irx_close,True,tasas
999,qqq_volume_dist_max21,True,renta_variable
1000,iau_open_roll_mean126,True,oro_internacional
1001,irx_open_logret_21,True,tasas
1002,gld_volume,True,oro_internacional
1003,irx_close_log,True,tasas
1004,cl_f_volume_dist_min21,True,energia
1005,tnx_high_lag5,True,tasas
1006,spy_high_dist_max63,True,renta_variable
1007,hg_f_volume_dist_min21,True,metales
1008,irx_open,True,tasas
1009,hg_f_open_dist_min21,True,metales
1010,cl_f_open_dist_max63,True,energia
1011,qqq_open_dist_min21,True,renta_variable
1012,gld_volume_dist_min63,True,oro_internacional
1013,spy_close_dist_min21,True,renta_variable
1014,pl_f_close_dist_max21,True,metales
1015,iau_volume_dist_min126,True,oro_internacional
1016,pa_f_volume_roll_mean63,True,metales
1017,iau_close_lag1,True,oro_internacional
1018,qqq_low_pct_21,True,renta_variable
1019,precio_brent_logret_21,False,energia
1020,hg_f_low_dist_max21,True,metales
1021,qqq_close_logret_21,True,renta_variable
1022,qqq_low_logret_21,True,renta_variable
1023,pl_f_low_dist_min21,True,metales
1024,precio_brent_dist_max63,False,energia
1025,gld_volume_log,True,oro_internacional
1026,dx_y_nyb_high_dist_max21,True,dolar
1027,precio_brent_pct_21,False,energia
1028,iau_adj_close_lag63,True,oro_internacional
1029,iau_adj_close_lag1,True,oro_internacional
1030,irx_adj_close_log,True,tasas
1031,qqq_close_pct_21,True,renta_variable
1032,cl_f_adj_close_lag5,True,energia
1033,hg_f_open_dist_max21,True,metales
1034,irx_close_lag63,True,tasas
1035,hg_f_adj_close_dist_max21,True,metales
1036,si_f_volume_roll_std21,True,metales
1037,cl_f_low_dist_min21,True,energia
1038,slv_high_logret_21,True,metales
1039,vix_open_logret_21,True,riesgo
1040,vix_open_pct_21,True,riesgo
1041,pa_f_volume_dist_max63,True,metales
1042,irx_close_lag21,True,tasas
1043,hg_f_low_dist_min21,True,metales
1044,spy_low_dist_min21,True,renta_variable
1045,gc_f_volume_pct_21,True,oro_internacional
1046,iau_low_roll_mean126,True,oro_internacional
1047,spy_close_dist_min63,True,renta_variable
1048,pa_f_high_dist_min21,True,metales
1049,hg_f_close_dist_max21,True,metales
1050,hg_f_close_lag5,True,metales
1051,irx_adj_close_dist_min21,True,tasas
1052,qqq_open_dist_max21,True,renta_variable
1053,si_f_low_dist_max21,True,metales
1054,hg_f_high_dist_min21,True,metales
1055,pl_f_high_dist_max21,True,metales
1056,si_f_low_lag5,True,metales
1057,gld_adj_close_dist_min21,True,oro_internacional
1058,slv_low_pct_21,True,metales
1059,pl_f_adj_close_dist_max21,True,metales
1060,spy_low_roll_mean63,True,renta_variable
1061,cl_f_high_lag5,True,energia
1062,hg_f_high_lag5,True,metales
1063,spy_high_dist_min21,True,renta_variable
1064,qqq_volume_dist_min21,True,renta_variable
1065,iau_volume_dist_max126,True,oro_internacional
1066,pl_f_low_lag5,True,metales
1067,gld_low_dist_min21,True,oro_internacional
1068,cl_f_adj_close_dist_min21,True,energia
1069,vix_close_dist_max21,True,riesgo
1070,vix_high_dist_max21,True,riesgo
1071,si_f_volume_dist_max21,True,metales
1072,gc_f_low_roll_mean63,True,oro_internacional
1073,cl_f_low_lag5,True,energia
1074,irx_close_lag1,True,tasas
1075,irx_adj_close_lag1,True,tasas
1076,dx_y_nyb_adj_close_dist_min21,True,dolar
1077,cl_f_volume_lag5,True,energia
1078,vix_adj_close_dist_max21,True,riesgo
1079,gld_volume_lag21,True,oro_internacional
1080,iau_adj_close_dist_max21,True,oro_internacional
1081,iau_high_log,True,oro_internacional
1082,spy_close_logret_21,True,renta_variable
1083,spy_close_pct_21,True,renta_variable
1084,cl_f_close_dist_min21,True,energia
1085,iau_volume_lag63,True,oro_internacional
1086,spy_adj_close_dist_max63,True,renta_variable
1087,irx_high_dist_min21,True,tasas
1088,pl_f_high_lag5,True,metales
1089,cl_f_adj_close_dist_max21,True,energia
1090,pl_f_high_dist_min21,True,metales
1091,dx_y_nyb_low_lag5,True,dolar
1092,irx_high_lag21,True,tasas
1093,irx_close_dist_min21,True,tasas
1094,slv_low_logret_21,True,metales
1095,spy_open_dist_max21,True,renta_variable
1096,qqq_close_dist_min21,True,renta_variable
1097,cl_f_close_dist_max21,True,energia
1098,hg_f_low_lag5,True,metales
1099,iau_low_lag63,True,oro_internacional
1100,iau_close_dist_max21,True,oro_internacional
1101,iau_close_lag63,True,oro_internacional
1102,cl_f_high_dist_max21,True,energia
1103,tnx_low_dist_max21,True,tasas
1104,iau_open_dist_min21,True,oro_internacional
1105,iau_open_lag63,True,oro_internacional
1106,iau_volume_dist_max21,True,oro_internacional
1107,vix_adj_close_dist_min63,True,riesgo
1108,tnx_high_dist_max21,True,tasas
1109,iau_volume_dist_max63,True,oro_internacional
1110,qqq_high_dist_max21,True,renta_variable
1111,spy_volume_dist_min21,True,renta_variable
1112,iau_low_dist_max21,True,oro_internacional
1113,iau_low_dist_min21,True,oro_internacional
1114,pl_f_low_dist_max21,True,metales
1115,qqq_low_dist_max63,True,renta_variable
1116,pa_f_adj_close_dist_min21,True,metales
1117,gld_low_roll_mean126,True,oro_internacional
1118,slv_open_pct_21,True,metales
1119,qqq_adj_close_dist_min21,True,renta_variable
1120,qqq_close_dist_max21,True,renta_variable
1121,pa_f_open_dist_max21,True,metales
1122,hg_f_open_lag5,True,metales
1123,dx_y_nyb_low_dist_min21,True,dolar
1124,pl_f_adj_close_dist_min21,True,metales
1125,gld_high_roll_mean126,True,oro_internacional
1126,gld_volume_dist_min126,True,oro_internacional
1127,slv_open_dist_min21,True,metales
1128,slv_open_logret_21,True,metales
1129,gld_close_lag5,True,oro_internacional
1130,irx_low_lag1,True,tasas
1131,cl_f_open_dist_max21,True,energia
1132,vix_high,True,riesgo
1133,qqq_low_dist_max21,True,renta_variable
1134,gld_adj_close_lag5,True,oro_internacional
1135,pa_f_close_dist_min21,True,metales
1136,tnx_close_dist_min21,True,tasas
1137,iau_open_log,True,oro_internacional
1138,slv_adj_close_dist_min21,True,metales
1139,pl_f_open_dist_min21,True,metales
1140,gc_f_close_roll_mean63,True,oro_internacional
1141,hg_f_high_dist_max21,True,metales
1142,iau_high,True,oro_internacional
1143,irx_low,True,tasas
1144,vix_open_dist_min21,True,riesgo
1145,pl_f_close_dist_min21,True,metales
1146,slv_volume_lag21,True,metales
1147,gld_close_dist_min21,True,oro_internacional
1148,iau_adj_close_lag21,True,oro_internacional
1149,iau_high_lag1,True,oro_internacional
1150,iau_low,True,oro_internacional
1151,cl_f_high_dist_min21,True,energia
1152,pa_f_close_dist_max21,True,metales
1153,gld_open_dist_min21,True,oro_internacional
1154,irx_adj_close_lag21,True,tasas
1155,qqq_volume_lag5,True,renta_variable
1156,dx_y_nyb_close_dist_min21,True,dolar
1157,gld_volume_lag63,True,oro_internacional
1158,gc_f_adj_close_roll_mean63,True,oro_internacional
1159,pl_f_open_dist_max21,True,metales
1160,slv_close_dist_min21,True,metales
1161,gld_open_lag5,True,oro_internacional
1162,vix_high_log,True,riesgo
1163,gld_open_roll_mean126,True,oro_internacional
1164,pa_f_adj_close_dist_max21,True,metales
1165,iau_high_lag21,True,oro_internacional
1166,slv_volume,True,metales
1167,vix_close_dist_min63,True,riesgo
1168,iau_high_dist_max21,True,oro_internacional
1169,gld_adj_close_roll_mean126,True,oro_internacional
1170,pa_f_low_dist_max21,True,metales
1171,iau_low_lag21,True,oro_internacional
1172,gld_volume_dist_max63,True,oro_internacional
1173,gld_open_dist_max21,True,oro_internacional
1174,gld_close_roll_mean126,True,oro_internacional
1175,spy_low_dist_max21,True,renta_variable
1176,iau_low_log,True,oro_internacional
1177,qqq_low_dist_min21,True,renta_variable
1178,irx_low_lag63,True,tasas
1179,dx_y_nyb_close_lag5,True,dolar
1180,irx_low_log,True,tasas
1181,irx_open_lag21,True,tasas
1182,cl_f_low_dist_max21,True,energia
1183,iau_open,True,oro_internacional
1184,dx_y_nyb_open_lag5,True,dolar
1185,dx_y_nyb_adj_close_lag5,True,dolar
1186,iau_close_lag21,True,oro_internacional
1187,gld_volume_dist_max21,True,oro_internacional
1188,qqq_open_roll_mean21,True,renta_variable
1189,slv_volume_lag63,True,metales
1190,vix_close_dist_min21,True,riesgo
1191,iau_open_dist_max21,True,oro_internacional
1192,precio_brent_dist_min21,False,energia
1193,slv_volume_dist_max126,True,metales
1194,vix_high_lag1,True,riesgo
1195,vix_adj_close_dist_min21,True,riesgo
1196,iau_open_lag1,True,oro_internacional
1197,tnx_adj_close_dist_min21,True,tasas
1198,gld_volume_lag5,True,oro_internacional
1199,gld_low_lag5,True,oro_internacional
1200,gc_f_open_roll_mean63,True,oro_internacional
1201,tnx_low_dist_min21,True,tasas
1202,iau_volume_dist_min63,True,oro_internacional
1203,precio_brent_dist_max21,False,energia
1204,irx_adj_close_lag5,True,tasas
1205,cl_f_open_dist_min21,True,energia
1206,gld_volume_logret_21,True,oro_internacional
1207,vix_high_lag21,True,riesgo
1208,gld_volume_pct_21,True,oro_internacional
1209,slv_volume_log,True,metales
1210,gc_f_high_roll_mean63,True,oro_internacional
1211,gld_low_dist_max21,True,oro_internacional
1212,pa_f_high_dist_max21,True,metales
1213,slv_high_log,True,metales
1214,slv_open_dist_max21,True,metales
1215,iau_low_lag1,True,oro_internacional
1216,gld_high_dist_min21,True,oro_internacional
1217,iau_close_lag5,True,oro_internacional
1218,tnx_open_dist_min21,True,tasas
1219,si_f_open_roll_mean126,True,metales
1220,si_f_adj_close_roll_mean126,True,metales
1221,slv_volume_lag1,True,metales
1222,qqq_high_roll_mean21,True,renta_variable
1223,iau_high_lag5,True,oro_internacional
1224,irx_open_lag5,True,tasas
1225,slv_high_dist_min21,True,metales
1226,qqq_adj_close_dist_max21,True,renta_variable
1227,spy_high_dist_max21,True,renta_variable
1228,si_f_close_roll_mean126,True,metales
1229,spy_volume_roll_std126,True,renta_variable
1230,iau_high_lag63,True,oro_internacional
1231,iau_open_lag21,True,oro_internacional
1232,spy_adj_close_dist_max21,True,renta_variable
1233,qqq_high_dist_min21,True,renta_variable
1234,vix_high_dist_min21,True,riesgo
1235,vix_low_dist_min21,True,riesgo
1236,irx_low_lag21,True,tasas
1237,iau_volume_pct_21,True,oro_internacional
1238,irx_high_roll_mean126,True,tasas
1239,iau_adj_close_lag5,True,oro_internacional
1240,irx_close_lag5,True,tasas
1241,vix_adj_close_lag63,True,riesgo
1242,vix_low,True,riesgo
1243,vix_open,True,riesgo
1244,vix_close_log,True,riesgo
1245,irx_high_lag5,True,tasas
1246,gld_adj_close_dist_max21,True,oro_internacional
1247,slv_high_lag63,True,metales
1248,irx_high_roll_mean63,True,tasas
1249,slv_volume_dist_max63,True,metales
1250,vix_close,True,riesgo
1251,si_f_low_roll_mean126,True,metales
1252,iau_volume_logret_21,True,oro_internacional
1253,gld_close_dist_max21,True,oro_internacional
1254,vix_low_lag21,True,riesgo
1255,vix_high_lag63,True,riesgo
1256,qqq_low_roll_mean21,True,renta_variable
1257,slv_volume_dist_min63,True,metales
1258,vix_low_log,True,riesgo
1259,irx_low_roll_mean126,True,tasas
1260,slv_open_lag21,True,metales
1261,gld_volume_dist_min21,True,oro_internacional
1262,qqq_close_roll_mean21,True,renta_variable
1263,slv_low_dist_max21,True,metales
1264,iau_volume_dist_min21,True,oro_internacional
1265,spy_close_dist_max21,True,renta_variable
1266,vix_open_lag1,True,riesgo
1267,irx_open_roll_mean126,True,tasas
1268,slv_high,True,metales
1269,irx_low_lag5,True,tasas
1270,vix_close_lag63,True,riesgo
1271,vix_adj_close_lag21,True,riesgo
1272,vix_close_lag1,True,riesgo
1273,vix_open_log,True,riesgo
1274,slv_low_dist_min21,True,metales
1275,slv_adj_close_lag21,True,metales
1276,dtf_roll_mean126,False,colombia
1277,slv_low_log,True,metales
1278,slv_volume_dist_min126,True,metales
1279,irx_low_roll_mean63,True,tasas
1280,irx_adj_close_roll_mean126,True,tasas
1281,vix_adj_close,True,riesgo
1282,pa_f_adj_close_roll_mean126,True,metales
1283,pa_f_close_roll_mean126,True,metales
1284,slv_close,True,metales
1285,irx_close_roll_mean126,True,tasas
1286,slv_adj_close_dist_max21,True,metales
1287,pl_f_volume_dist_max21,True,metales
1288,slv_close_lag21,True,metales
1289,slv_adj_close_log,True,metales
1290,vix_adj_close_log,True,riesgo
1291,vix_open_lag21,True,riesgo
1292,irx_adj_close_roll_mean63,True,tasas
1293,vix_low_lag1,True,riesgo
1294,gld_high_dist_max21,True,oro_internacional
1295,vix_close_lag21,True,riesgo
1296,si_f_high_roll_mean126,True,metales
1297,irx_close_roll_mean63,True,tasas
1298,slv_close_lag1,True,metales
1299,bancolombia_price_usd_roll_mean126,False,colombia
1300,cl_f_volume_roll_std126,True,energia
1301,slv_close_dist_max21,True,metales
1302,slv_close_lag63,True,metales
1303,vix_open_lag63,True,riesgo
1304,slv_close_log,True,metales
1305,slv_low,True,metales
1306,slv_adj_close_lag63,True,metales
1307,si_f_volume_pct_21,True,metales
1308,slv_high_lag21,True,metales
1309,slv_open,True,metales
1310,pl_f_volume_roll_std21,True,metales
1311,pa_f_high_roll_mean126,True,metales
1312,slv_volume_dist_max21,True,metales
1313,vix_adj_close_lag1,True,riesgo
1314,slv_high_lag1,True,metales
1315,slv_adj_close_lag1,True,metales
1316,slv_low_lag21,True,metales
1317,vix_low_lag5,True,riesgo
1318,slv_volume_logret_21,True,metales
1319,irx_open_roll_mean63,True,tasas
1320,precio_oro_logret_5,False,colombia
1321,gc_f_high_roll_mean21,True,oro_internacional
1322,pa_f_open_roll_mean126,True,metales
1323,slv_low_lag63,True,metales
1324,iau_volume_lag5,True,oro_internacional
1325,vix_low_lag63,True,riesgo
1326,slv_open_log,True,metales
1327,qqq_adj_close_roll_mean21,True,renta_variable
1328,slv_open_lag63,True,metales
1329,iau_open_lag5,True,oro_internacional
1330,slv_adj_close,True,metales
1331,pa_f_low_roll_mean126,True,metales
1332,gc_f_adj_close_roll_mean21,True,oro_internacional
1333,gc_f_close_roll_mean21,True,oro_internacional
1334,slv_high_dist_max21,True,metales
1335,dtf_roll_mean63,False,colombia
1336,slv_volume_pct_21,True,metales
1337,slv_open_lag1,True,metales
1338,iau_volume_roll_std126,True,oro_internacional
1339,spy_adj_close_roll_mean21,True,renta_variable
1340,gld_volume_roll_std126,True,oro_internacional
1341,hg_f_volume_roll_mean126,True,metales
1342,hg_f_high_roll_mean126,True,metales
1343,pa_f_volume_roll_std21,True,metales
1344,gc_f_volume_dist_min21,True,oro_internacional
1345,pl_f_adj_close_roll_mean126,True,metales
1346,pl_f_close_roll_mean126,True,metales
1347,pl_f_low_roll_mean126,True,metales
1348,slv_low_lag1,True,metales
1349,iau_low_lag5,True,oro_internacional
1350,trm_roll_mean126,False,colombia
1351,vix_high_lag5,True,riesgo
1352,irx_high_roll_mean21,True,tasas
1353,slv_volume_dist_min21,True,metales
1354,slv_adj_close_lag5,True,metales
1355,vix_close_lag5,True,riesgo
1356,inflacion_sin_alimentos_roll_mean126,False,colombia
1357,vix_adj_close_lag5,True,riesgo
1358,bancolombia_price_usd_roll_mean63,False,colombia
1359,pl_f_open_roll_mean126,True,metales
1360,spy_volume_roll_mean126,True,renta_variable
1361,gc_f_volume_dist_min63,True,oro_internacional
1362,gc_f_low_roll_mean21,True,oro_internacional
1363,irx_open_roll_mean21,True,tasas
1364,hg_f_adj_close_roll_mean126,True,metales
1365,pl_f_high_roll_mean126,True,metales
1366,inflacion_sin_alimentos_logret_5,False,colombia
1367,gc_f_open_roll_mean21,True,oro_internacional
1368,hg_f_close_roll_mean126,True,metales
1369,hg_f_volume_lag63,True,metales
1370,slv_volume_lag5,True,metales
1371,irx_adj_close_roll_mean21,True,tasas
1372,precio_cafe_centusd_dist_max21,False,colombia
1373,slv_close_lag5,True,metales
1374,irx_close_roll_mean21,True,tasas
1375,tnx_high_roll_mean126,True,tasas
1376,hg_f_low_roll_mean126,True,metales
1377,slv_high_lag5,True,metales
1378,tnx_close_roll_mean126,True,tasas
1379,tnx_adj_close_roll_mean126,True,tasas
1380,hg_f_open_roll_mean126,True,metales
1381,iau_low_roll_mean63,True,oro_internacional
1382,trm_roll_mean63,False,colombia
1383,slv_volume_roll_std126,True,metales
1384,inflacion_sin_alimentos_dist_max21,False,colombia
1385,vix_open_lag5,True,riesgo
1386,pa_f_volume_dist_max21,True,metales
1387,precio_cafe_centusd_logret_5,False,colombia
1388,hg_f_volume_roll_std21,True,metales
1389,spy_high_roll_mean21,True,renta_variable
1390,gld_low_roll_mean63,True,oro_internacional
1391,pl_f_low_roll_mean63,True,metales
1392,slv_open_lag5,True,metales
1393,pa_f_low_roll_mean63,True,metales
1394,precio_oro_dist_max21,False,colombia
1395,irx_low_roll_mean21,True,tasas
1396,slv_low_lag5,True,metales
1397,tipm_dist_max126,False,colombia
1398,hg_f_volume_lag5,True,metales
1399,inflacion_sin_alimentos_roll_mean63,False,colombia
1400,pa_f_adj_close_roll_mean63,True,metales
1401,pa_f_close_roll_mean63,True,metales
1402,iau_volume_roll_std63,True,oro_internacional
1403,cl_f_volume_roll_mean126,True,energia
1404,pa_f_open_roll_mean63,True,metales
1405,tnx_low_roll_mean63,True,tasas
1406,iau_close_roll_mean63,True,oro_internacional
1407,iau_open_roll_mean63,True,oro_internacional
1408,precio_cafe_centusd_dist_min21,False,colombia
1409,gld_open_roll_mean63,True,oro_internacional
1410,si_f_volume_roll_mean21,True,metales
1411,hg_f_volume,True,metales
1412,iau_low_roll_mean21,True,oro_internacional
1413,precio_oro_dist_min21,False,colombia
1414,pa_f_high_roll_mean63,True,metales
1415,iau_adj_close_roll_mean63,True,oro_internacional
1416,qqq_volume_roll_std126,True,renta_variable
1417,gld_close_roll_mean63,True,oro_internacional
1418,pl_f_high_roll_mean63,True,metales
1419,hg_f_volume_lag1,True,metales
1420,pl_f_open_roll_mean63,True,metales
1421,hg_f_volume_log,True,metales
1422,tnx_open_roll_mean63,True,tasas
1423,slv_volume_roll_std63,True,metales
1424,tnx_open_roll_mean126,True,tasas
1425,iau_adj_close_roll_mean21,True,oro_internacional
1426,iau_high_roll_mean63,True,oro_internacional
1427,pl_f_adj_close_roll_mean63,True,metales
1428,pl_f_close_roll_mean63,True,metales
1429,hg_f_volume_lag21,True,metales
1430,spy_close_roll_mean21,True,renta_variable
1431,tnx_low_roll_mean126,True,tasas
1432,spy_low_roll_mean21,True,renta_variable
1433,hg_f_volume_roll_mean63,True,metales
1434,dtf_roll_mean21,False,colombia
1435,spy_open_roll_mean21,True,renta_variable
1436,qqq_volume_roll_mean126,True,renta_variable
1437,inflacion_sin_alimentos_dist_min21,False,colombia
1438,pa_f_close_roll_mean21,True,metales
1439,iau_close_roll_mean21,True,oro_internacional
1440,pa_f_volume_pct_21,True,metales
1441,pa_f_adj_close_roll_mean21,True,metales
1442,gc_f_volume_dist_min126,True,oro_internacional
1443,hg_f_high_roll_mean63,True,metales
1444,gld_adj_close_roll_mean63,True,oro_internacional
1445,demanda_energetica_roll_mean21,False,colombia
1446,hg_f_low_roll_mean63,True,metales
1447,gld_low_roll_mean21,True,oro_internacional
1448,spy_volume_roll_mean63,True,renta_variable
1449,gc_f_volume_lag21,True,oro_internacional
1450,iau_high_roll_mean21,True,oro_internacional
1451,tipm_roll_std126,False,colombia
1452,hg_f_close_roll_mean63,True,metales
1453,iau_open_roll_mean21,True,oro_internacional
1454,pl_f_volume_pct_21,True,metales
1455,hg_f_adj_close_roll_mean63,True,metales
1456,gc_f_volume_roll_mean21,True,oro_internacional
1457,gc_f_volume_lag5,True,oro_internacional
1458,gld_adj_close_roll_mean21,True,oro_internacional
1459,gld_high_roll_mean63,True,oro_internacional
1460,gc_f_volume_lag1,True,oro_internacional
1461,si_f_open_roll_mean63,True,metales
1462,precio_brent_roll_mean126,False,energia
1463,pa_f_open_roll_mean21,True,metales
1464,bancolombia_price_usd_roll_mean21,False,colombia
1465,tipm_roll_mean63,False,colombia
1466,tipm_roll_mean126,False,colombia
1467,precio_bolsa_nacional_energetica_roll_std126,False,colombia
1468,gld_close_roll_mean21,True,oro_internacional
1469,hg_f_high_roll_mean21,True,metales
1470,gld_open_roll_mean21,True,oro_internacional
1471,tnx_adj_close_roll_mean63,True,tasas
1472,tnx_close_roll_mean63,True,tasas
1473,gc_f_volume_lag63,True,oro_internacional
1474,pa_f_high_roll_mean21,True,metales
1475,trm_roll_mean21,False,colombia
1476,hg_f_adj_close_roll_mean21,True,metales
1477,si_f_high_roll_mean63,True,metales
1478,pl_f_volume_lag1,True,metales
1479,si_f_close_roll_mean63,True,metales
1480,gld_high_roll_mean21,True,oro_internacional
1481,pl_f_volume_lag21,True,metales
1482,tipm_dist_min126,False,colombia
1483,qqq_volume_roll_std63,True,renta_variable
1484,hg_f_close_roll_mean21,True,metales
1485,pl_f_volume_lag63,True,metales
1486,si_f_adj_close_roll_mean63,True,metales
1487,tipm_roll_std63,False,colombia
1488,si_f_volume_lag63,True,metales
1489,si_f_open_roll_mean21,True,metales
1490,si_f_low_roll_mean63,True,metales
1491,pa_f_low_roll_mean21,True,metales
1492,pl_f_high_roll_mean21,True,metales
1493,tipm_roll_mean21,False,colombia
1494,gc_f_volume,True,oro_internacional
1495,tnx_high_roll_mean63,True,tasas
1496,hg_f_low_roll_mean21,True,metales
1497,pa_f_volume_roll_mean21,True,metales
1498,hg_f_open_roll_mean63,True,metales
1499,si_f_volume_dist_min21,True,metales
1500,si_f_adj_close_roll_mean21,True,metales
1501,pl_f_volume,True,metales
1502,pl_f_low_roll_mean21,True,metales
1503,iau_volume_roll_mean126,True,oro_internacional
1504,si_f_close_roll_mean21,True,metales
1505,si_f_high_roll_mean21,True,metales
1506,spy_volume_roll_std63,True,renta_variable
1507,vix_high_roll_mean126,True,riesgo
1508,slv_open_roll_mean126,True,metales
1509,dx_y_nyb_high_roll_mean126,True,dolar
1510,cl_f_low_roll_mean126,True,energia
1511,gld_volume_roll_mean126,True,oro_internacional
1512,tipm_dist_max63,False,colombia
1513,tnx_low_roll_mean21,True,tasas
1514,cl_f_adj_close_roll_mean126,True,energia
1515,slv_close_roll_mean126,True,metales
1516,cl_f_high_roll_mean126,True,energia
1517,tnx_open_roll_mean21,True,tasas
1518,slv_adj_close_roll_mean126,True,metales
1519,pa_f_volume,True,metales
1520,iau_low_roll_std126,True,oro_internacional
1521,pl_f_close_roll_mean21,True,metales
1522,cl_f_close_roll_mean126,True,energia
1523,pl_f_open_roll_mean21,True,metales
1524,slv_volume_roll_mean126,True,metales
1525,pl_f_volume_roll_mean21,True,metales
1526,precio_bolsa_nacional_energetica_roll_std63,False,colombia
1527,cl_f_open_roll_mean126,True,energia
1528,irx_low_roll_std126,True,tasas
1529,pl_f_volume_lag5,True,metales
1530,si_f_low_roll_mean21,True,metales
1531,precio_bolsa_nacional_energetica_roll_mean126,False,colombia
1532,slv_low_roll_mean126,True,metales
1533,hg_f_open_roll_mean21,True,metales
1534,pl_f_adj_close_roll_mean21,True,metales
1535,cl_f_volume_roll_std63,True,energia
1536,irx_adj_close_roll_std126,True,tasas
1537,irx_close_roll_std126,True,tasas
1538,precio_cafe_centusd_roll_mean126,False,colombia
1539,tnx_high_roll_mean21,True,tasas
1540,slv_high_roll_mean126,True,metales
1541,cl_f_open_roll_mean63,True,energia
1542,cl_f_high_roll_mean63,True,energia
1543,tipm_dist_min63,False,colombia
1544,si_f_volume_lag21,True,metales
1545,dd_lag1_dd_score_roll_std126,False,enfermedad_holandesa
1546,dx_y_nyb_adj_close_roll_mean21,True,dolar
1547,vix_open_roll_mean126,True,riesgo
1548,dx_y_nyb_close_roll_mean21,True,dolar
1549,tipm_lag63,False,colombia
1550,irx_high_roll_std63,True,tasas
1551,dx_y_nyb_open_roll_mean21,True,dolar
1552,tipm,False,colombia
1553,qqq_volume_roll_mean63,True,renta_variable
1554,irx_adj_close_logret_5,True,tasas
1555,irx_close_logret_5,True,tasas
1556,cl_f_close_roll_mean63,True,energia
1557,cl_f_adj_close_roll_mean63,True,energia
1558,dx_y_nyb_high_roll_mean21,True,dolar
1559,irx_low_logret_5,True,tasas
1560,pa_f_volume_lag5,True,metales
1561,si_f_volume_lag5,True,metales
1562,pa_f_volume_lag63,True,metales
1563,tnx_adj_close_roll_mean21,True,tasas
1564,tnx_close_roll_mean21,True,tasas
1565,si_f_adj_close_roll_std126,True,metales
1566,precio_bolsa_nacional_energetica_roll_mean63,False,colombia
1567,pa_f_volume_lag1,True,metales
1568,tipm_lag5,False,colombia
1569,gld_volume_roll_std63,True,oro_internacional
1570,si_f_low_roll_std126,True,metales
1571,vix_close_roll_std126,True,riesgo
1572,vix_adj_close_roll_std126,True,riesgo
1573,dx_y_nyb_adj_close_roll_mean63,True,dolar
1574,dx_y_nyb_close_roll_mean63,True,dolar
1575,si_f_volume,True,metales
1576,si_f_close_roll_std126,True,metales
1577,precio_brent_roll_mean63,False,energia
1578,hg_f_adj_close_roll_std126,True,metales
1579,vix_close_roll_mean126,True,riesgo
1580,vix_adj_close_roll_mean126,True,riesgo
1581,irx_open_roll_std126,True,tasas
1582,gc_f_close_roll_std126,True,oro_internacional
1583,dx_y_nyb_open_roll_mean126,True,dolar
1584,hg_f_close_roll_std126,True,metales
1585,si_f_volume_lag1,True,metales
1586,pl_f_high_roll_std126,True,metales
1587,gc_f_adj_close_roll_std126,True,oro_internacional
1588,tipm_pct_21,False,colombia
1589,irx_low_roll_std63,True,tasas
1590,irx_adj_close_roll_std63,True,tasas
1591,qqq_low_roll_std126,True,renta_variable
1592,irx_close_roll_std63,True,tasas
1593,iau_volume_roll_mean63,True,oro_internacional
1594,dx_y_nyb_close_roll_mean126,True,dolar
1595,dx_y_nyb_adj_close_roll_mean126,True,dolar
1596,hg_f_volume_logret_5,True,metales
1597,slv_open_roll_mean21,True,metales
1598,spy_low_roll_std126,True,renta_variable
1599,pl_f_volume_dist_min21,True,metales
1600,pa_f_volume_lag21,True,metales
1601,irx_high_roll_std21,True,tasas
1602,dx_y_nyb_high_roll_mean63,True,dolar
1603,gc_f_open_roll_std126,True,oro_internacional
1604,dx_y_nyb_low_roll_mean126,True,dolar
1605,tipm_log,False,colombia
1606,cl_f_close_roll_mean21,True,energia
1607,cl_f_adj_close_roll_mean21,True,energia
1608,dx_y_nyb_low_roll_mean21,True,dolar
1609,tipm_lag1,False,colombia
1610,si_f_high_roll_std126,True,metales
1611,gc_f_low_roll_std126,True,oro_internacional
1612,dtf_roll_std126,False,colombia
1613,si_f_open_roll_std126,True,metales
1614,dx_y_nyb_open_roll_mean63,True,dolar
1615,vix_high_roll_std126,True,riesgo
1616,cl_f_high_roll_mean21,True,energia
1617,demanda_energetica_roll_std126,False,colombia
1618,irx_open_logret_5,True,tasas
1619,irx_high_roll_std126,True,tasas
1620,gc_f_high_roll_std126,True,oro_internacional
1621,pa_f_close_roll_std126,True,metales
1622,pl_f_low_roll_std126,True,metales
1623,pa_f_adj_close_roll_std126,True,metales
1624,tipm_logret_21,False,colombia
1625,dx_y_nyb_low_roll_mean63,True,dolar
1626,irx_high_logret_5,True,tasas
1627,iau_low_roll_std63,True,oro_internacional
1628,slv_high_roll_mean21,True,metales
1629,qqq_adj_close_roll_std126,True,renta_variable
1630,cl_f_volume_roll_mean63,True,energia
1631,vix_adj_close_roll_mean63,True,riesgo
1632,vix_close_roll_mean63,True,riesgo
1633,precio_brent_roll_mean21,False,energia
1634,cl_f_low_roll_mean21,True,energia
1635,vix_low_roll_std126,True,riesgo
1636,irx_open_roll_std63,True,tasas
1637,slv_high_roll_mean63,True,metales
1638,pl_f_close_roll_std126,True,metales
1639,pl_f_adj_close_roll_std126,True,metales
1640,si_f_close_roll_std63,True,metales
1641,hg_f_high_roll_std126,True,metales
1642,si_f_adj_close_roll_std63,True,metales
1643,si_f_open_roll_std63,True,metales
1644,vix_low_roll_mean126,True,riesgo
1645,slv_close_roll_mean63,True,metales
1646,hg_f_open_roll_std126,True,metales
1647,spy_volume_roll_mean21,True,renta_variable
1648,vix_open_roll_std126,True,riesgo
1649,hg_f_adj_close_roll_std63,True,metales
1650,slv_low_roll_mean63,True,metales
1651,pa_f_low_roll_std126,True,metales
1652,cl_f_low_roll_mean63,True,energia
1653,qqq_close_roll_std126,True,renta_variable
1654,trm_roll_std126,False,colombia
1655,tipm_lag21,False,colombia
1656,irx_low_roll_std21,True,tasas
1657,precio_cafe_centusd_roll_std126,False,colombia
1658,slv_adj_close_roll_mean63,True,metales
1659,hg_f_high_roll_std63,True,metales
1660,si_f_low_roll_std63,True,metales
1661,gld_volume_roll_mean63,True,oro_internacional
1662,hg_f_close_roll_std63,True,metales
1663,iau_high_roll_std126,True,oro_internacional
1664,qqq_open_roll_std126,True,renta_variable
1665,qqq_adj_close_roll_std63,True,renta_variable
1666,slv_low_roll_mean21,True,metales
1667,slv_adj_close_roll_mean21,True,metales
1668,hg_f_volume_roll_mean21,True,metales
1669,gc_f_low_roll_std63,True,oro_internacional
1670,tipm_dist_max21,False,colombia
1671,dx_y_nyb_high_roll_std126,True,dolar
1672,pa_f_high_roll_std126,True,metales
1673,cl_f_open_roll_std63,True,energia
1674,hg_f_low_roll_std126,True,metales
1675,slv_adj_close_roll_std126,True,metales
1676,irx_adj_close_roll_std21,True,tasas
1677,precio_brent_roll_std126,False,energia
1678,qqq_high_roll_std126,True,renta_variable
1679,year,False,colombia
1680,irx_close_roll_std21,True,tasas
1681,vix_low_roll_mean63,True,riesgo
1682,cl_f_volume_roll_mean21,True,energia
1683,cl_f_open_roll_std126,True,energia
1684,bancolombia_price_usd_roll_std126,False,colombia
1685,slv_close_roll_std126,True,metales
1686,slv_close_roll_mean21,True,metales
1687,gc_f_close_roll_std63,True,oro_internacional
1688,dx_y_nyb_open_roll_std126,True,dolar
1689,slv_open_roll_mean63,True,metales
1690,tipm_logret_5,False,colombia
1691,dd_lag1_dd_score_roll_std63,False,enfermedad_holandesa
1692,vix_open_roll_mean63,True,riesgo
1693,gc_f_adj_close_roll_std63,True,oro_internacional
1694,pa_f_open_roll_std126,True,metales
1695,hg_f_open_roll_std63,True,metales
1696,irx_open_roll_std21,True,tasas
1697,spy_open_roll_std63,True,renta_variable
1698,cl_f_open_roll_mean21,True,energia
1699,qqq_open_roll_std63,True,renta_variable
1700,pa_f_open_roll_std63,True,metales
1701,vix_adj_close_roll_std63,True,riesgo
1702,vix_close_roll_std63,True,riesgo
1703,cl_f_high_roll_std63,True,energia
1704,cl_f_close_roll_std126,True,energia
1705,bancolombia_price_usd_logret_5,False,colombia
1706,tnx_high_roll_std126,True,tasas
1707,vix_high_roll_std63,True,riesgo
1708,iau_adj_close_roll_std126,True,oro_internacional
1709,pa_f_high_roll_std21,True,metales
1710,slv_close_roll_std63,True,metales
1711,iau_open_roll_std126,True,oro_internacional
1712,precio_cafe_centusd_roll_mean63,False,colombia
1713,cl_f_close_roll_std63,True,energia
1714,precio_bolsa_nacional_energetica_roll_mean21,False,colombia
1715,cl_f_adj_close_roll_std63,True,energia
1716,pa_f_high_roll_std63,True,metales
1717,tnx_low_roll_std126,True,tasas
1718,dtf_roll_std63,False,colombia
1719,slv_volume_roll_mean63,True,metales
1720,vix_close_roll_mean21,True,riesgo
1721,cl_f_adj_close_roll_std126,True,energia
1722,inflacion_sin_alimentos_roll_std63,False,colombia
1723,vix_adj_close_roll_mean21,True,riesgo
1724,precio_oro_roll_std126,False,colombia
1725,slv_open_roll_std63,True,metales
1726,tipm_dist_min21,False,colombia
1727,qqq_high_roll_std63,True,renta_variable
1728,gc_f_high_roll_std63,True,oro_internacional
1729,dx_y_nyb_high_logret_5,True,dolar
1730,iau_close_roll_std126,True,oro_internacional
1731,slv_high_roll_std126,True,metales
1732,gld_adj_close_roll_std126,True,oro_internacional
1733,hg_f_low_logret_5,True,metales
1734,slv_open_roll_std126,True,metales
1735,hg_f_low_roll_std63,True,metales
1736,gld_close_roll_std126,True,oro_internacional
1737,qqq_close_roll_std63,True,renta_variable
1738,pa_f_low_roll_std63,True,metales
1739,dd_lag1_dd_score_roll_mean63,False,enfermedad_holandesa
1740,gld_open_roll_std126,True,oro_internacional
1741,qqq_volume_roll_mean21,True,renta_variable
1742,gld_low_roll_std126,True,oro_internacional
1743,si_f_high_roll_std63,True,metales
1744,dx_y_nyb_open_roll_std63,True,dolar
1745,tnx_adj_close_roll_std126,True,tasas
1746,tnx_close_roll_std126,True,tasas
1747,qqq_volume_roll_std21,True,renta_variable
1748,demanda_energetica_roll_std63,False,colombia
1749,pl_f_open_roll_std63,True,metales
1750,trm_roll_std63,False,colombia
1751,iau_adj_close_logret_5,True,oro_internacional
1752,cl_f_low_roll_std126,True,energia
1753,gld_low_roll_std63,True,oro_internacional
1754,spy_adj_close_roll_std63,True,renta_variable
1755,spy_low_roll_std63,True,renta_variable
1756,iau_open_roll_std63,True,oro_internacional
1757,gc_f_high_logret_5,True,oro_internacional
1758,pl_f_open_roll_std126,True,metales
1759,precio_brent_roll_std63,False,energia
1760,pl_f_open_logret_5,True,metales
1761,pl_f_adj_close_roll_std63,True,metales
1762,pl_f_adj_close_logret_5,True,metales
1763,gc_f_open_roll_std63,True,oro_internacional
1764,slv_low_logret_5,True,metales
1765,pl_f_close_roll_std63,True,metales
1766,vix_low_roll_std63,True,riesgo
1767,qqq_high_logret_5,True,renta_variable
1768,slv_low_roll_std63,True,metales
1769,gc_f_low_logret_5,True,oro_internacional
1770,gc_f_open_logret_5,True,oro_internacional
1771,vix_high_roll_mean63,True,riesgo
1772,qqq_low_roll_std63,True,renta_variable
1773,vix_high_roll_mean21,True,riesgo
1774,slv_adj_close_roll_std63,True,metales
1775,spy_open_roll_std126,True,renta_variable
1776,pl_f_close_logret_5,True,metales
1777,cl_f_low_roll_std63,True,energia
1778,dx_y_nyb_low_roll_std63,True,dolar
1779,si_f_close_logret_5,True,metales
1780,iau_volume_roll_std21,True,oro_internacional
1781,vix_open_roll_std63,True,riesgo
1782,si_f_adj_close_logret_5,True,metales
1783,slv_low_roll_std126,True,metales
1784,spy_close_roll_std63,True,renta_variable
1785,gc_f_low_roll_std21,True,oro_internacional
1786,spy_open_logret_5,True,renta_variable
1787,vix_low_roll_mean21,True,riesgo
1788,dd_lag1_dd_score_roll_mean126,False,enfermedad_holandesa
1789,gld_high_roll_std126,True,oro_internacional
1790,precio_cafe_centusd_logret_1,False,colombia
1791,bancolombia_price_usd_roll_std63,False,colombia
1792,dx_y_nyb_low_roll_std126,True,dolar
1793,spy_high_roll_std126,True,renta_variable
1794,pl_f_low_roll_std63,True,metales
1795,cl_f_volume_roll_std21,True,energia
1796,precio_cafe_centusd_diff_1,False,colombia
1797,slv_volume_roll_std21,True,metales
1798,tnx_high_logret_5,True,tasas
1799,iau_high_logret_5,True,oro_internacional
1800,gld_open_roll_std63,True,oro_internacional
1801,vix_high_roll_std21,True,riesgo
1802,cl_f_high_roll_std126,True,energia
1803,tnx_adj_close_logret_5,True,tasas
1804,iau_volume_roll_mean21,True,oro_internacional
1805,precio_bolsa_nacional_energetica_roll_std21,False,colombia
1806,slv_high_roll_std21,True,metales
1807,precio_cafe_centusd_roll_std63,False,colombia
1808,pl_f_high_roll_std63,True,metales
1809,gld_adj_close_roll_std63,True,oro_internacional
1810,hg_f_close_roll_std21,True,metales
1811,pa_f_open_logret_5,True,metales
1812,tnx_close_logret_5,True,tasas
1813,cl_f_volume_logret_5,True,energia
1814,spy_volume_roll_std21,True,renta_variable
1815,dx_y_nyb_adj_close_roll_std63,True,dolar
1816,dx_y_nyb_close_roll_std63,True,dolar
1817,dx_y_nyb_close_roll_std126,True,dolar
1818,dx_y_nyb_adj_close_roll_std126,True,dolar
1819,iau_low_logret_5,True,oro_internacional
1820,si_f_open_logret_5,True,metales
1821,iau_close_logret_5,True,oro_internacional
1822,gc_f_open_roll_std21,True,oro_internacional
1823,trm_logret_5,False,colombia
1824,slv_open_logret_5,True,metales
1825,iau_adj_close_roll_std63,True,oro_internacional
1826,slv_high_logret_5,True,metales
1827,gld_high_logret_5,True,oro_internacional
1828,spy_close_roll_std126,True,renta_variable
1829,pa_f_open_roll_std21,True,metales
1830,hg_f_adj_close_roll_std21,True,metales
1831,tnx_open_roll_std126,True,tasas
1832,spy_high_roll_std63,True,renta_variable
1833,spy_adj_close_roll_std126,True,renta_variable
1834,slv_volume_roll_mean21,True,metales
1835,iau_close_roll_std63,True,oro_internacional
1836,qqq_close_logret_5,True,renta_variable
1837,dx_y_nyb_high_roll_std63,True,dolar
1838,gld_volume_roll_std21,True,oro_internacional
1839,pa_f_high_logret_5,True,metales
1840,precio_bolsa_nacional_energetica_dist_min126,False,colombia
1841,irx_close_diff_1,True,tasas
1842,cl_f_high_roll_std21,True,energia
1843,dx_y_nyb_open_logret_5,True,dolar
1844,cl_f_high_logret_5,True,energia
1845,spy_low_roll_std21,True,renta_variable
1846,tnx_volume_roll_mean21,True,tasas
1847,irx_open_logret_1,True,tasas
1848,dx_y_nyb_low_logret_5,True,dolar
1849,inflacion_sin_alimentos_roll_std21,False,colombia
1850,tnx_high_roll_std63,True,tasas
1851,gc_f_adj_close_logret_5,True,oro_internacional
1852,slv_high_roll_std63,True,metales
1853,dd_lag1_dd_score_lag63,False,enfermedad_holandesa
1854,gld_open_logret_5,True,oro_internacional
1855,si_f_high_roll_std21,True,metales
1856,gc_f_close_logret_5,True,oro_internacional
1857,tnx_adj_close_roll_std63,True,tasas
1858,tnx_close_roll_std63,True,tasas
1859,cl_f_close_roll_std21,True,energia
1860,qqq_low_logret_5,True,renta_variable
1861,pl_f_adj_close_roll_std21,True,metales
1862,pl_f_low_logret_5,True,metales
1863,cl_f_adj_close_roll_std21,True,energia
1864,cl_f_close_logret_5,True,energia
1865,precio_bolsa_nacional_energetica_lag21,False,colombia
1866,demanda_energetica_lag21,False,colombia
1867,precio_oro_roll_std21,False,colombia
1868,vix_low_logret_5,True,riesgo
1869,precio_bolsa_nacional_energetica_lag5,False,colombia
1870,dx_y_nyb_low_roll_std21,True,dolar
1871,pl_f_close_roll_std21,True,metales
1872,gld_close_roll_std63,True,oro_internacional
1873,hg_f_volume_diff_1,True,metales
1874,gld_volume_roll_mean21,True,oro_internacional
1875,demanda_energetica_lag5,False,colombia
1876,inflacion_sin_alimentos_roll_std126,False,colombia
1877,inflacion_sin_alimentos_logret_1,False,colombia
1878,dd_lag1_dd_score_dist_max63,False,enfermedad_holandesa
1879,irx_low_diff_1,True,tasas
1880,pa_f_close_roll_std21,True,metales
1881,demanda_energetica_pct_21,False,colombia
1882,demanda_energetica_logret_21,False,colombia
1883,qqq_adj_close_logret_5,True,renta_variable
1884,precio_cafe_centusd_roll_std21,False,colombia
1885,inflacion_sin_alimentos_diff_1,False,colombia
1886,gc_f_volume_diff_1,True,oro_internacional
1887,vix_open_logret_5,True,riesgo
1888,pa_f_close_roll_std63,True,metales
1889,precio_oro_logret_1,False,colombia
1890,hg_f_high_roll_std21,True,metales
1891,pa_f_adj_close_roll_std63,True,metales
1892,pa_f_adj_close_roll_std21,True,metales
1893,demanda_energetica_lag63,False,colombia
1894,bancolombia_price_usd_diff_1,False,colombia
1895,tnx_low_roll_std63,True,tasas
1896,pa_f_close_logret_5,True,metales
1897,spy_adj_close_roll_std21,True,renta_variable
1898,vix_open_roll_mean21,True,riesgo
1899,cluster_chg_6,False,regimen
1900,spy_low_logret_5,True,renta_variable
1901,gld_volume_logret_5,True,oro_internacional
1902,qqq_open_roll_std21,True,renta_variable
1903,cl_f_adj_close_logret_5,True,energia
1904,dd_lag1_dd_score,False,enfermedad_holandesa
1905,irx_low_logret_1,True,tasas
1906,dd_lag1_dd_score_pct_21,False,enfermedad_holandesa
1907,pl_f_high_logret_5,True,metales
1908,qqq_close_roll_std21,True,renta_variable
1909,spy_high_logret_5,True,renta_variable
1910,hg_f_adj_close_logret_5,True,metales
1911,si_f_high_logret_5,True,metales
1912,pa_f_adj_close_logret_5,True,metales
1913,cluster_abs,False,regimen
1914,qqq_open_logret_5,True,renta_variable
1915,bancolombia_price_usd_logret_1,False,colombia
1916,iau_open_logret_5,True,oro_internacional
1917,hg_f_adj_close_diff_1,True,metales
1918,cl_f_open_diff_1,True,energia
1919,hg_f_adj_close_logret_1,True,metales
1920,precio_bolsa_nacional_energetica_lag63,False,colombia
1921,qqq_low_roll_std21,True,renta_variable
1922,si_f_open_roll_std21,True,metales
1923,precio_oro_diff_1,False,colombia
1924,precio_oro_roll_std63,False,colombia
1925,si_f_low_logret_5,True,metales
1926,precio_brent_logret_5,False,energia
1927,tnx_open_roll_std63,True,tasas
1928,hg_f_close_logret_5,True,metales
1929,dx_y_nyb_adj_close_roll_std21,True,dolar
1930,dx_y_nyb_close_roll_std21,True,dolar
1931,slv_adj_close_roll_std21,True,metales
1932,cluster_chg_1,False,regimen
1933,si_f_close_roll_std21,True,metales
1934,iau_high_roll_std63,True,oro_internacional
1935,spy_volume_logret_5,True,renta_variable
1936,tnx_volume_roll_mean126,True,tasas
1937,dx_y_nyb_close_logret_5,True,dolar
1938,qqq_adj_close_roll_std21,True,renta_variable
1939,dtf_logret_1,False,colombia
1940,iau_open_roll_std21,True,oro_internacional
1941,irx_volume_roll_mean21,True,tasas
1942,gld_close_roll_std21,True,oro_internacional
1943,gld_adj_close_roll_std21,True,oro_internacional
1944,dx_y_nyb_adj_close_logret_5,True,dolar
1945,demanda_energetica_dist_max21,False,colombia
1946,si_f_adj_close_roll_std21,True,metales
1947,slv_close_diff_1,True,metales
1948,gld_high_roll_std63,True,oro_internacional
1949,hg_f_high_diff_1,True,metales
1950,cluster_abs_2,False,regimen
1951,gld_low_logret_1,True,oro_internacional
1952,month,False,colombia
1953,pa_f_close_logret_1,True,metales
1954,precio_bolsa_nacional_energetica_dist_min63,False,colombia
1955,bancolombia_price_usd_roll_std21,False,colombia
1956,tnx_open_roll_std21,True,tasas
1957,gc_f_high_roll_std21,True,oro_internacional
1958,pa_f_low_roll_std21,True,metales
1959,slv_adj_close_logret_5,True,metales
1960,dd_lag1_dd_score_dist_max126,False,enfermedad_holandesa
1961,month_sin,False,colombia
1962,irx_volume_roll_mean126,True,tasas
1963,pl_f_open_diff_1,True,metales
1964,hg_f_high_logret_5,True,metales
1965,vix_close_roll_std21,True,riesgo
1966,vix_adj_close_roll_std21,True,riesgo
1967,precio_bolsa_nacional_energetica,False,colombia
1968,si_f_volume_diff_1,True,metales
1969,precio_bolsa_nacional_energetica_log,False,colombia
1970,cl_f_open_logret_5,True,energia
1971,gld_low_logret_5,True,oro_internacional
1972,slv_open_roll_std21,True,metales
1973,pa_f_adj_close_logret_1,True,metales
1974,demanda_energetica,False,colombia
1975,demanda_energetica_log,False,colombia
1976,tnx_low_roll_std21,True,tasas
1977,hg_f_open_roll_std21,True,metales
1978,iau_high_roll_std21,True,oro_internacional
1979,pl_f_open_roll_std21,True,metales
1980,irx_volume_roll_mean63,True,tasas
1981,si_f_low_roll_std21,True,metales
1982,precio_brent_diff_1,False,energia
1983,pa_f_low_logret_5,True,metales
1984,dx_y_nyb_open_logret_1,True,dolar
1985,demanda_energetica_lag1,False,colombia
1986,tipm_diff_1,False,colombia
1987,hg_f_low_roll_std21,True,metales
1988,vix_high_logret_5,True,riesgo
1989,tnx_high_roll_std21,True,tasas
1990,iau_low_roll_std21,True,oro_internacional
1991,qqq_volume_logret_1,True,renta_variable
1992,dx_y_nyb_high_roll_std21,True,dolar
1993,precio_bolsa_nacional_energetica_dist_max63,False,colombia
1994,cl_f_low_roll_std21,True,energia
1995,qqq_volume_diff_1,True,renta_variable
1996,gld_low_diff_1,True,oro_internacional
1997,vix_open_roll_std21,True,riesgo
1998,demanda_energetica_dist_min126,False,colombia
1999,gc_f_adj_close_roll_std21,True,oro_internacional
2000,dx_y_nyb_open_roll_std21,True,dolar
2001,iau_volume_logret_5,True,oro_internacional
2002,slv_close_logret_5,True,metales
2003,dd_lag1_dd_score_roll_mean21,False,enfermedad_holandesa
2004,si_f_high_logret_1,True,metales
2005,tnx_volume_roll_std126,True,tasas
2006,spy_open_logret_1,True,renta_variable
2007,gld_low_roll_std21,True,oro_internacional
2008,spy_adj_close_logret_1,True,renta_variable
2009,dx_y_nyb_volume_diff_1,True,dolar
2010,slv_close_roll_std21,True,metales
2011,dd_lag1_dd_score_lag21,False,enfermedad_holandesa
2012,qqq_adj_close_diff_1,True,renta_variable
2013,dd_lag1_dd_score_lag5,False,enfermedad_holandesa
2014,trm_roll_std21,False,colombia
2015,cl_f_open_roll_std21,True,energia
2016,slv_low_roll_std21,True,metales
2017,gc_f_close_roll_std21,True,oro_internacional
2018,spy_high_roll_std21,True,renta_variable
2019,gld_adj_close_logret_5,True,oro_internacional
2020,gc_f_adj_close_logret_1,True,oro_internacional
2021,cl_f_low_logret_5,True,energia
2022,dd_lag1_dd_score_roll_std21,False,enfermedad_holandesa
2023,vix_adj_close_logret_5,True,riesgo
2024,si_f_adj_close_diff_1,True,metales
2025,tnx_close_roll_std21,True,tasas
2026,tnx_adj_close_roll_std21,True,tasas
2027,cl_f_open_logret_1,True,energia
2028,slv_adj_close_logret_1,True,metales
2029,tipm_roll_std21,False,colombia
2030,irx_volume_roll_std126,True,tasas
2031,qqq_high_roll_std21,True,renta_variable
2032,iau_close_roll_std21,True,oro_internacional
2033,vix_close_logret_5,True,riesgo
2034,dd_lag1_dd_score_dist_min63,False,enfermedad_holandesa
2035,pa_f_high_logret_1,True,metales
2036,spy_low_diff_1,True,renta_variable
2037,quarter,False,colombia
2038,precio_brent_roll_std21,False,energia
2039,irx_volume_lag63,True,tasas
2040,irx_open_diff_1,True,tasas
2041,spy_open_roll_std21,True,renta_variable
2042,gld_close_logret_5,True,oro_internacional
2043,gld_open_roll_std21,True,oro_internacional
2044,irx_adj_close_logret_1,True,tasas
2045,spy_close_diff_1,True,renta_variable
2046,demanda_energetica_dist_max126,False,colombia
2047,irx_volume_roll_std21,True,tasas
2048,gc_f_close_logret_1,True,oro_internacional
2049,dx_y_nyb_high_logret_1,True,dolar
2050,gld_adj_close_diff_1,True,oro_internacional
2051,gc_f_high_diff_1,True,oro_internacional
2052,slv_high_logret_1,True,metales
2053,dd_lag1_dd_score_dist_min126,False,enfermedad_holandesa
2054,tnx_open_logret_5,True,tasas
2055,spy_close_roll_std21,True,renta_variable
2056,hg_f_high_logret_1,True,metales
2057,gc_f_adj_close_diff_1,True,oro_internacional
2058,pl_f_adj_close_diff_1,True,metales
2059,cluster_abs_3,False,regimen
2060,hg_f_volume_logret_1,True,metales
2061,irx_volume_diff_1,True,tasas
2062,tnx_volume_lag21,True,tasas
2063,slv_low_diff_1,True,metales
2064,pa_f_open_logret_1,True,metales
2065,slv_volume_logret_1,True,metales
2066,cluster_chg_5,False,regimen
2067,precio_bolsa_nacional_energetica_lag1,False,colombia
2068,pa_f_volume_diff_1,True,metales
2069,dd_lag1_dd_clasificacion_Probable enfermedad holandesa,False,enfermedad_holandesa
2070,qqq_close_diff_1,True,renta_variable
2071,tnx_low_logret_5,True,tasas
2072,dx_y_nyb_volume,True,dolar
2073,policy_stance_tightening,False,colombia
2074,vix_low_roll_std21,True,riesgo
2075,spy_low_logret_1,True,renta_variable
2076,tipm_change_30,False,colombia
2077,hg_f_open_diff_1,True,metales
2078,precio_bolsa_nacional_energetica_logret_21,False,colombia
2079,precio_bolsa_nacional_energetica_pct_21,False,colombia
2080,gld_adj_close_logret_1,True,oro_internacional
2081,dd_lag1_dd_score_lag1,False,enfermedad_holandesa
2082,spy_volume_diff_1,True,renta_variable
2083,slv_open_logret_1,True,metales
2084,irx_high_diff_1,True,tasas
2085,pl_f_high_roll_std21,True,metales
2086,qqq_high_diff_1,True,renta_variable
2087,dd_lag1_dd_score_diff_1,False,enfermedad_holandesa
2088,tnx_open_diff_1,True,tasas
2089,iau_high_diff_1,True,oro_internacional
2090,hg_f_open_logret_1,True,metales
2091,iau_adj_close_diff_1,True,oro_internacional
2092,si_f_low_logret_1,True,metales
2093,cluster_abs_4,False,regimen
2094,dx_y_nyb_adj_close_logret_1,True,dolar
2095,vix_open_logret_1,True,riesgo
2096,dd_lag1_dd_clasificacion_Indicios parciales,False,enfermedad_holandesa
2097,spy_volume_logret_1,True,renta_variable
2098,si_f_low_diff_1,True,metales
2099,cl_f_high_diff_1,True,energia
2100,tnx_volume_diff_1,True,tasas
2101,dx_y_nyb_volume_lag1,True,dolar
2102,gc_f_low_logret_1,True,oro_internacional
2103,slv_high_diff_1,True,metales
2104,irx_high_logret_1,True,tasas
2105,gld_high_logret_1,True,oro_internacional
2106,pl_f_close_logret_1,True,metales
2107,irx_volume_lag5,True,tasas
2108,irx_close_logret_1,True,tasas
2109,iau_close_diff_1,True,oro_internacional
2110,month_cos,False,colombia
2111,vix_low_diff_1,True,riesgo
2112,vix_adj_close_diff_1,True,riesgo
2113,cluster_abs_1,False,regimen
2114,gld_close_diff_1,True,oro_internacional
2115,gc_f_close_diff_1,True,oro_internacional
2116,cluster_chg_0,False,regimen
2117,dx_y_nyb_volume_roll_std63,True,dolar
2118,slv_open_diff_1,True,metales
2119,irx_volume_roll_std63,True,tasas
2120,dx_y_nyb_volume_lag5,True,dolar
2121,dx_y_nyb_adj_close_diff_1,True,dolar
2122,cl_f_volume_logret_1,True,energia
2123,tipm_logret_1,False,colombia
2124,dtf_roll_std21,False,colombia
2125,gld_high_roll_std21,True,oro_internacional
2126,hg_f_open_logret_5,True,metales
2127,dd_lag1_dd_clasificacion_Sin clasificación,False,enfermedad_holandesa
2128,spy_adj_close_logret_5,True,renta_variable
2129,demanda_energetica_roll_std21,False,colombia
2130,iau_low_logret_1,True,oro_internacional
2131,dx_y_nyb_volume_lag63,True,dolar
2132,qqq_close_logret_1,True,renta_variable
2133,iau_adj_close_roll_std21,True,oro_internacional
2134,dd_lag1_dd_score_dist_max21,False,enfermedad_holandesa
2135,demanda_energetica_dist_min63,False,colombia
2136,cl_f_volume_diff_1,True,energia
2137,qqq_volume_logret_5,True,renta_variable
2138,si_f_close_logret_1,True,metales
2139,tnx_high_logret_1,True,tasas
2140,pa_f_open_diff_1,True,metales
2141,tnx_adj_close_diff_1,True,tasas
2142,dx_y_nyb_volume_roll_mean126,True,dolar
2143,si_f_open_logret_1,True,metales
2144,policy_stance_easing,False,colombia
2145,cl_f_high_logret_1,True,energia
2146,precio_bolsa_nacional_energetica_diff_1,False,colombia
2147,dx_y_nyb_close_logret_1,True,dolar
2148,pa_f_low_diff_1,True,metales
2149,hg_f_low_logret_1,True,metales
2150,pa_f_adj_close_diff_1,True,metales
2151,vix_high_diff_1,True,riesgo
2152,dx_y_nyb_high_diff_1,True,dolar
2153,tnx_volume_roll_std63,True,tasas
2154,dd_lag1_dd_clasificacion_Sin evidencia suficiente,False,enfermedad_holandesa
2155,hg_f_low_diff_1,True,metales
2156,tnx_adj_close_logret_1,True,tasas
2157,demanda_energetica_diff_1,False,colombia
2158,trm_logret_1,False,colombia
2159,irx_volume_lag21,True,tasas
2160,irx_volume_lag1,True,tasas
2161,si_f_open_diff_1,True,metales
2162,si_f_high_diff_1,True,metales
2163,demanda_energetica_dist_max63,False,colombia
2164,demanda_energetica_dist_min21,False,colombia
2165,gc_f_high_logret_1,True,oro_internacional
2166,vix_close_logret_1,True,riesgo
2167,vix_low_logret_1,True,riesgo
2168,si_f_adj_close_logret_1,True,metales
2169,irx_adj_close_diff_1,True,tasas
2170,si_f_close_diff_1,True,metales
2171,qqq_low_diff_1,True,renta_variable
2172,pl_f_low_logret_1,True,metales
2173,vix_high_logret_1,True,riesgo
2174,pa_f_low_logret_1,True,metales
2175,demanda_energetica_logret_5,False,colombia
2176,gc_f_low_diff_1,True,oro_internacional
2177,trm_diff_1,False,colombia
2178,vix_close_diff_1,True,riesgo
2179,cl_f_low_logret_1,True,energia
2180,cl_f_low_diff_1,True,energia
2181,qqq_open_logret_1,True,renta_variable
2182,hg_f_close_logret_1,True,metales
2183,hg_f_close_diff_1,True,metales
2184,iau_adj_close_logret_1,True,oro_internacional
2185,pl_f_volume_diff_1,True,metales
2186,precio_bolsa_nacional_energetica_dist_max21,False,colombia
2187,precio_bolsa_nacional_energetica_dist_min21,False,colombia
2188,precio_bolsa_nacional_energetica_logret_1,False,colombia
2189,precio_bolsa_nacional_energetica_logret_5,False,colombia
2190,qqq_open_diff_1,True,renta_variable
2191,tnx_open_logret_1,True,tasas
2192,slv_close_logret_1,True,metales
2193,cluster_chg_4,False,regimen
2194,spy_close_logret_5,True,renta_variable
2195,pl_f_open_logret_1,True,metales
2196,spy_close_logret_1,True,renta_variable
2197,iau_high_logret_1,True,oro_internacional
2198,pa_f_close_diff_1,True,metales
2199,cluster_abs_5,False,regimen
2200,cluster_chg_3,False,regimen
