accuracy,balanced_accuracy,precision_up,recall_up,f1_up,mcc,threshold,n_test,roc_auc,tn,fp,fn,tp,recall_not_up,block_id,test_start,test_end,horizon,feature_set,model,train_window_years,weight_strategy,cal_bacc,n_features,n_global_features,config_key,config_tag,config_reason
0.8967391304347826,0.9002380952380953,0.8494623655913979,0.9404761904761904,0.8926553672316384,0.7974911849629265,0.707,184,0.9621428571428572,86,14,5,79,0.86,0,2020-05-01,2020-11-01,21,colombia_plus_global_full,HistGradientBoostingClassifier,all,balanced,0.9232503607503608,2200,1938,h21__colombia_plus_global_full__HistGradientBoostingClassifier__winall__wbalanced__competitivo_HGB_full_all_balanced,competitivo_HGB_full_all_balanced,Muy competitivo en corrida previa; full global + balance de clases.
0.8232044198895028,0.7519698526892772,0.6190476190476191,0.6190476190476191,0.6190476190476191,0.5039397053785543,0.4909999999999999,181,0.8773552586502227,123,16,16,26,0.8848920863309353,1,2020-11-01,2021-05-01,21,colombia_plus_global_full,HistGradientBoostingClassifier,all,balanced,0.8812229437229437,2200,1933,h21__colombia_plus_global_full__HistGradientBoostingClassifier__winall__wbalanced__competitivo_HGB_full_all_balanced,competitivo_HGB_full_all_balanced,Muy competitivo en corrida previa; full global + balance de clases.
0.8152173913043478,0.8957055214723926,0.3818181818181818,1.0,0.5526315789473685,0.5497045801955891,0.41,184,0.9798422436459246,129,34,0,21,0.7914110429447853,2,2021-05-01,2021-11-01,21,colombia_plus_global_full,HistGradientBoostingClassifier,all,balanced,0.8854353456863917,2200,1931,h21__colombia_plus_global_full__HistGradientBoostingClassifier__winall__wbalanced__competitivo_HGB_full_all_balanced,competitivo_HGB_full_all_balanced,Muy competitivo en corrida previa; full global + balance de clases.
0.9005524861878453,0.9032277859597448,0.8586956521739131,0.9404761904761904,0.8977272727272727,0.8044833127381986,0.3829999999999999,181,0.9658811978399608,84,13,5,79,0.865979381443299,3,2021-11-01,2022-05-01,21,colombia_plus_global_full,HistGradientBoostingClassifier,all,balanced,0.8566961000735835,2200,1930,h21__colombia_plus_global_full__HistGradientBoostingClassifier__winall__wbalanced__competitivo_HGB_full_all_balanced,competitivo_HGB_full_all_balanced,Muy competitivo en corrida previa; full global + balance de clases.
0.9728260869565216,0.9846625766871164,0.8076923076923077,1.0,0.8936170212765957,0.8848256721145892,0.302,184,0.9988314344142566,158,5,0,21,0.9693251533742332,4,2022-05-01,2022-11-01,21,colombia_plus_global_full,HistGradientBoostingClassifier,all,balanced,0.8453296703296703,2200,1925,h21__colombia_plus_global_full__HistGradientBoostingClassifier__winall__wbalanced__competitivo_HGB_full_all_balanced,competitivo_HGB_full_all_balanced,Muy competitivo en corrida previa; full global + balance de clases.
0.856353591160221,0.8343984962406015,0.816,0.9714285714285714,0.8869565217391304,0.7140797823445001,0.0830325097821823,181,0.9676691729323308,53,23,3,102,0.6973684210526315,5,2022-11-01,2023-05-01,21,colombia_plus_global_full,HistGradientBoostingClassifier,all,balanced,0.9337912087912088,2200,1935,h21__colombia_plus_global_full__HistGradientBoostingClassifier__winall__wbalanced__competitivo_HGB_full_all_balanced,competitivo_HGB_full_all_balanced,Muy competitivo en corrida previa; full global + balance de clases.
0.8043478260869565,0.661408121530821,0.2857142857142857,0.4761904761904761,0.3571428571428571,0.2615361173297161,0.3379999999999999,184,0.7636576102833772,138,25,11,10,0.8466257668711656,6,2023-05-01,2023-11-01,21,colombia_plus_global_full,HistGradientBoostingClassifier,all,balanced,0.9406256226339909,2200,1933,h21__colombia_plus_global_full__HistGradientBoostingClassifier__winall__wbalanced__competitivo_HGB_full_all_balanced,competitivo_HGB_full_all_balanced,Muy competitivo en corrida previa; full global + balance de clases.
0.945054945054945,0.9523809523809524,1.0,0.9047619047619048,0.95,0.8948554539839964,0.1669999999999999,182,0.9969078540507113,77,0,10,95,1.0,7,2023-11-01,2024-05-01,21,colombia_plus_global_full,HistGradientBoostingClassifier,all,balanced,0.8495052135219499,2200,1942,h21__colombia_plus_global_full__HistGradientBoostingClassifier__winall__wbalanced__competitivo_HGB_full_all_balanced,competitivo_HGB_full_all_balanced,Muy competitivo en corrida previa; full global + balance de clases.
0.9402173913043478,0.9303797468354432,0.9051724137931034,1.0,0.9502262443438914,0.8826866650071278,0.131,184,0.9969861362266426,68,11,0,105,0.8607594936708861,8,2024-05-01,2024-11-01,21,colombia_plus_global_full,HistGradientBoostingClassifier,all,balanced,0.8851190476190476,2200,1936,h21__colombia_plus_global_full__HistGradientBoostingClassifier__winall__wbalanced__competitivo_HGB_full_all_balanced,competitivo_HGB_full_all_balanced,Muy competitivo en corrida previa; full global + balance de clases.
0.9226519337016574,0.9198576337751596,0.9487179487179488,0.8809523809523809,0.9135802469135802,0.8456519331299275,0.0913749771056239,181,0.9690721649484536,93,4,10,74,0.9587628865979382,9,2024-11-01,2025-05-01,21,colombia_plus_global_full,HistGradientBoostingClassifier,all,balanced,0.9546703296703296,2200,1935,h21__colombia_plus_global_full__HistGradientBoostingClassifier__winall__wbalanced__competitivo_HGB_full_all_balanced,competitivo_HGB_full_all_balanced,Muy competitivo en corrida previa; full global + balance de clases.
0.875,0.8830952380952382,0.7961165048543689,0.9761904761904762,0.8770053475935828,0.7688033562587632,0.4369999999999999,184,0.9538095238095238,79,21,2,82,0.79,0,2020-05-01,2020-11-01,21,colombia_plus_global_full,XGBClassifier,15,none,0.9237012987012988,2200,1939,h21__colombia_plus_global_full__XGBClassifier__win15__wnone__competitivo_XGB_full_15_none,competitivo_XGB_full_15_none,Uno de los mejores XGB observados; ventana 15 años.
0.856353591160221,0.8317060637204522,0.66,0.7857142857142857,0.717391304347826,0.6263178679324044,0.4251314897537231,181,0.8809523809523809,122,17,9,33,0.8776978417266187,1,2020-11-01,2021-05-01,21,colombia_plus_global_full,XGBClassifier,15,none,0.8757215007215007,2200,1934,h21__colombia_plus_global_full__XGBClassifier__win15__wnone__competitivo_XGB_full_15_none,competitivo_XGB_full_15_none,Uno de los mejores XGB observados; ventana 15 años.
0.7608695652173914,0.8650306748466258,0.3230769230769231,1.0,0.4883720930232558,0.4856603489232792,0.462498566365242,184,0.9655273152205668,119,44,0,21,0.7300613496932515,2,2021-05-01,2021-11-01,21,colombia_plus_global_full,XGBClassifier,15,none,0.8910639569635386,2200,1931,h21__colombia_plus_global_full__XGBClassifier__win15__wnone__competitivo_XGB_full_15_none,competitivo_XGB_full_15_none,Uno de los mejores XGB observados; ventana 15 años.
0.8729281767955801,0.8782523318605793,0.8080808080808081,0.9523809523809524,0.8743169398907104,0.7579012029636254,0.4087190854072571,181,0.9441580756013748,78,19,4,80,0.8041237113402062,3,2021-11-01,2022-05-01,21,colombia_plus_global_full,XGBClassifier,15,none,0.8408230842005676,2200,1932,h21__colombia_plus_global_full__XGBClassifier__win15__wnone__competitivo_XGB_full_15_none,competitivo_XGB_full_15_none,Uno de los mejores XGB observados; ventana 15 años.
0.9836956521739132,0.9493134677183755,0.95,0.9047619047619048,0.926829268292683,0.9180069300384458,0.59,184,0.9947414548641542,162,1,2,19,0.9938650306748468,4,2022-05-01,2022-11-01,21,colombia_plus_global_full,XGBClassifier,15,none,0.9051282051282052,2200,1928,h21__colombia_plus_global_full__XGBClassifier__win15__wnone__competitivo_XGB_full_15_none,competitivo_XGB_full_15_none,Uno de los mejores XGB observados; ventana 15 años.
0.9060773480662984,0.893609022556391,0.8793103448275862,0.9714285714285714,0.9230769230769232,0.8098616117331108,0.1500994413375854,181,0.9595238095238096,62,14,3,102,0.8157894736842105,5,2022-11-01,2023-05-01,21,colombia_plus_global_full,XGBClassifier,15,none,0.8828754578754578,2200,1928,h21__colombia_plus_global_full__XGBClassifier__win15__wnone__competitivo_XGB_full_15_none,competitivo_XGB_full_15_none,Uno de los mejores XGB observados; ventana 15 años.
0.7934782608695652,0.4893368390300905,0.0952380952380952,0.0952380952380952,0.0952380952380952,-0.0213263219398188,0.419,184,0.7727139935728893,144,19,19,2,0.8834355828220859,6,2023-05-01,2023-11-01,21,colombia_plus_global_full,XGBClassifier,15,none,0.8974065218835093,2200,1928,h21__colombia_plus_global_full__XGBClassifier__win15__wnone__competitivo_XGB_full_15_none,competitivo_XGB_full_15_none,Uno de los mejores XGB observados; ventana 15 años.
0.8846153846153846,0.8896103896103895,0.9375,0.8571428571428571,0.8955223880597015,0.7711088635806234,0.131,182,0.9772418058132344,71,6,15,90,0.922077922077922,7,2023-11-01,2024-05-01,21,colombia_plus_global_full,XGBClassifier,15,none,0.8619911004848243,2200,1934,h21__colombia_plus_global_full__XGBClassifier__win15__wnone__competitivo_XGB_full_15_none,competitivo_XGB_full_15_none,Uno de los mejores XGB observados; ventana 15 años.
0.9565217391304348,0.9540687160940324,0.9532710280373832,0.9714285714285714,0.9622641509433962,0.9112184840660824,0.2639893689155578,184,0.9920433996383364,74,5,3,102,0.9367088607594936,8,2024-05-01,2024-11-01,21,colombia_plus_global_full,XGBClassifier,15,none,0.8452380952380952,2200,1927,h21__colombia_plus_global_full__XGBClassifier__win15__wnone__competitivo_XGB_full_15_none,competitivo_XGB_full_15_none,Uno de los mejores XGB observados; ventana 15 años.
0.9226519337016574,0.9246440844378988,0.8888888888888888,0.9523809523809524,0.9195402298850576,0.8471077078483198,0.0829160778224468,181,0.9818360333824252,87,10,4,80,0.8969072164948454,9,2024-11-01,2025-05-01,21,colombia_plus_global_full,XGBClassifier,15,none,0.9243589743589744,2200,1927,h21__colombia_plus_global_full__XGBClassifier__win15__wnone__competitivo_XGB_full_15_none,competitivo_XGB_full_15_none,Uno de los mejores XGB observados; ventana 15 años.
0.9130434782608696,0.9152380952380952,0.8777777777777778,0.9404761904761904,0.9080459770114944,0.8275259993031541,0.4973177001476288,184,0.9754761904761904,89,11,5,79,0.89,0,2020-05-01,2020-11-01,21,colombia_plus_global_full,XGBClassifier,all,recency_4y,0.9122474747474748,2200,1938,h21__colombia_plus_global_full__XGBClassifier__winall__wrecency_4y__competitivo_XGB_full_all_recency,competitivo_XGB_full_all_recency,Full global con énfasis en datos recientes.
0.8342541436464088,0.7674717368961974,0.6428571428571429,0.6428571428571429,0.6428571428571429,0.5349434737923947,0.5609914290308953,181,0.8514902363823227,124,15,15,27,0.8920863309352518,1,2020-11-01,2021-05-01,21,colombia_plus_global_full,XGBClassifier,all,recency_4y,0.8704906204906204,2200,1933,h21__colombia_plus_global_full__XGBClassifier__winall__wrecency_4y__competitivo_XGB_full_all_recency,competitivo_XGB_full_all_recency,Full global con énfasis en datos recientes.
0.7010869565217391,0.8312883435582822,0.2763157894736842,1.0,0.4329896907216495,0.4278789552986589,0.4656615825653076,184,0.976920829681566,108,55,0,21,0.6625766871165644,2,2021-05-01,2021-11-01,21,colombia_plus_global_full,XGBClassifier,all,recency_4y,0.8785116557083085,2200,1931,h21__colombia_plus_global_full__XGBClassifier__winall__wrecency_4y__competitivo_XGB_full_all_recency,competitivo_XGB_full_all_recency,Full global con énfasis en datos recientes.
0.850828729281768,0.8608247422680413,0.7567567567567568,1.0,0.8615384615384616,0.738994670774229,0.1345794503688812,181,0.9593765341188022,70,27,0,84,0.7216494845360825,3,2021-11-01,2022-05-01,21,colombia_plus_global_full,XGBClassifier,all,recency_4y,0.837117628508357,2200,1930,h21__colombia_plus_global_full__XGBClassifier__winall__wrecency_4y__competitivo_XGB_full_all_recency,competitivo_XGB_full_all_recency,Full global con énfasis en datos recientes.
0.9891304347826086,0.9938650306748468,0.9130434782608696,1.0,0.9545454545454546,0.9496528264568826,0.554,184,0.9982471516213848,161,2,0,21,0.9877300613496932,4,2022-05-01,2022-11-01,21,colombia_plus_global_full,XGBClassifier,all,recency_4y,0.8753663003663004,2200,1925,h21__colombia_plus_global_full__XGBClassifier__winall__wrecency_4y__competitivo_XGB_full_all_recency,competitivo_XGB_full_all_recency,Full global con énfasis en datos recientes.
0.8839779005524862,0.869110275689223,0.8559322033898306,0.961904761904762,0.905829596412556,0.7648500487087273,0.2254999999999999,181,0.9555137844611528,59,17,4,101,0.7763157894736842,5,2022-11-01,2023-05-01,21,colombia_plus_global_full,XGBClassifier,all,recency_4y,0.8766483516483516,2200,1935,h21__colombia_plus_global_full__XGBClassifier__winall__wrecency_4y__competitivo_XGB_full_all_recency,competitivo_XGB_full_all_recency,Full global con énfasis en datos recientes.
0.8043478260869565,0.4539877300613497,0.0,0.0,0.0,-0.1069345687632752,0.5449999999999999,184,0.7884896289804265,148,15,21,0,0.9079754601226994,6,2023-05-01,2023-11-01,21,colombia_plus_global_full,XGBClassifier,all,recency_4y,0.9053430298200174,2200,1933,h21__colombia_plus_global_full__XGBClassifier__winall__wrecency_4y__competitivo_XGB_full_all_recency,competitivo_XGB_full_all_recency,Full global con énfasis en datos recientes.
0.8846153846153846,0.8948051948051948,0.9666666666666668,0.8285714285714286,0.8923076923076924,0.7802570435558049,0.183740803360939,182,0.9826839826839826,74,3,18,87,0.961038961038961,7,2023-11-01,2024-05-01,21,colombia_plus_global_full,XGBClassifier,all,recency_4y,0.8707909942219565,2200,1942,h21__colombia_plus_global_full__XGBClassifier__winall__wrecency_4y__competitivo_XGB_full_all_recency,competitivo_XGB_full_all_recency,Full global con énfasis en datos recientes.
0.9565217391304348,0.9556359252561784,0.961904761904762,0.961904761904762,0.961904761904762,0.9112718505123568,0.335737309128046,184,0.997588908981314,75,4,4,101,0.9493670886075948,8,2024-05-01,2024-11-01,21,colombia_plus_global_full,XGBClassifier,all,recency_4y,0.861904761904762,2200,1936,h21__colombia_plus_global_full__XGBClassifier__winall__wrecency_4y__competitivo_XGB_full_all_recency,competitivo_XGB_full_all_recency,Full global con énfasis en datos recientes.
0.8176795580110497,0.8243127147766323,0.7475728155339806,0.9166666666666666,0.8235294117647058,0.6532111175959758,0.102,181,0.952626411389298,71,26,7,77,0.7319587628865979,9,2024-11-01,2025-05-01,21,colombia_plus_global_full,XGBClassifier,all,recency_4y,0.9264652014652016,2200,1935,h21__colombia_plus_global_full__XGBClassifier__winall__wrecency_4y__competitivo_XGB_full_all_recency,competitivo_XGB_full_all_recency,Full global con énfasis en datos recientes.
0.9021739130434784,0.908095238095238,0.8367346938775511,0.9761904761904762,0.9010989010989012,0.8148335501046309,0.4518782332539558,184,0.9702380952380952,84,16,2,82,0.84,0,2020-05-01,2020-11-01,21,colombia_plus_global_full,XGBClassifier,15,cluster_x4,0.9250541125541124,2200,1939,h21__colombia_plus_global_full__XGBClassifier__win15__wcluster_x4__competitivo_XGB_full_15_cluster,competitivo_XGB_full_15_cluster,Full global ponderando regímenes poco frecuentes.
0.8066298342541437,0.7328708461801987,0.5813953488372093,0.5952380952380952,0.5882352941176471,0.4619589560802821,0.5144454395771028,181,0.8605686879068174,121,18,17,25,0.8705035971223022,1,2020-11-01,2021-05-01,21,colombia_plus_global_full,XGBClassifier,15,cluster_x4,0.8773448773448773,2200,1934,h21__colombia_plus_global_full__XGBClassifier__win15__wcluster_x4__competitivo_XGB_full_15_cluster,competitivo_XGB_full_15_cluster,Full global ponderando regímenes poco frecuentes.
0.6956521739130435,0.8282208588957055,0.2727272727272727,1.0,0.4285714285714285,0.4231188478402464,0.4075198526382446,184,0.9845165059888986,107,56,0,21,0.656441717791411,2,2021-05-01,2021-11-01,21,colombia_plus_global_full,XGBClassifier,15,cluster_x4,0.8906322640632264,2200,1931,h21__colombia_plus_global_full__XGBClassifier__win15__wcluster_x4__competitivo_XGB_full_15_cluster,competitivo_XGB_full_15_cluster,Full global ponderando regímenes poco frecuentes.
0.8950276243093923,0.8988708885616101,0.8421052631578947,0.9523809523809524,0.8938547486033519,0.7966669821531395,0.3862075273513793,181,0.9429307805596464,82,15,4,80,0.845360824742268,3,2021-11-01,2022-05-01,21,colombia_plus_global_full,XGBClassifier,15,cluster_x4,0.8322033007463472,2200,1932,h21__colombia_plus_global_full__XGBClassifier__win15__wcluster_x4__competitivo_XGB_full_15_cluster,competitivo_XGB_full_15_cluster,Full global ponderando regímenes poco frecuentes.
0.9565217391304348,0.9339760444054924,0.76,0.9047619047619048,0.8260869565217391,0.8054352557214659,0.518,184,0.9909436167104878,157,6,2,19,0.9631901840490796,4,2022-05-01,2022-11-01,21,colombia_plus_global_full,XGBClassifier,15,cluster_x4,0.8982600732600733,2200,1928,h21__colombia_plus_global_full__XGBClassifier__win15__wcluster_x4__competitivo_XGB_full_15_cluster,competitivo_XGB_full_15_cluster,Full global ponderando regímenes poco frecuentes.
0.8839779005524862,0.8672932330827068,0.85,0.9714285714285714,0.9066666666666666,0.7669884568796096,0.1186644750595092,181,0.9709273182957392,58,18,3,102,0.7631578947368421,5,2022-11-01,2023-05-01,21,colombia_plus_global_full,XGBClassifier,15,cluster_x4,0.8925824175824175,2200,1928,h21__colombia_plus_global_full__XGBClassifier__win15__wcluster_x4__competitivo_XGB_full_15_cluster,competitivo_XGB_full_15_cluster,Full global ponderando regímenes poco frecuentes.
0.782608695652174,0.5661700262927256,0.1935483870967742,0.2857142857142857,0.2307692307692307,0.1124263704246402,0.2209999999999999,184,0.78965819456617,138,25,15,6,0.8466257668711656,6,2023-05-01,2023-11-01,21,colombia_plus_global_full,XGBClassifier,15,cluster_x4,0.9129972770140132,2200,1928,h21__colombia_plus_global_full__XGBClassifier__win15__wcluster_x4__competitivo_XGB_full_15_cluster,competitivo_XGB_full_15_cluster,Full global ponderando regímenes poco frecuentes.
0.8626373626373627,0.8653679653679653,0.9081632653061223,0.8476190476190476,0.8768472906403941,0.7241821128714778,0.1914549625396728,182,0.9621521335807052,68,9,16,89,0.8831168831168831,7,2023-11-01,2024-05-01,21,colombia_plus_global_full,XGBClassifier,15,cluster_x4,0.8728830444311616,2200,1934,h21__colombia_plus_global_full__XGBClassifier__win15__wcluster_x4__competitivo_XGB_full_15_cluster,competitivo_XGB_full_15_cluster,Full global ponderando regímenes poco frecuentes.
0.9510869565217392,0.94460518384569,0.9285714285714286,0.9904761904761904,0.9585253456221198,0.9018565281861616,0.2749999999999999,184,0.9952983725135623,71,8,1,104,0.8987341772151899,8,2024-05-01,2024-11-01,21,colombia_plus_global_full,XGBClassifier,15,cluster_x4,0.854265873015873,2200,1927,h21__colombia_plus_global_full__XGBClassifier__win15__wcluster_x4__competitivo_XGB_full_15_cluster,competitivo_XGB_full_15_cluster,Full global ponderando regímenes poco frecuentes.
0.8839779005524862,0.8789887088856161,0.9315068493150684,0.8095238095238095,0.8662420382165605,0.7705635635683332,0.1459335875809193,181,0.9613402061855668,92,5,16,68,0.9484536082474226,9,2024-11-01,2025-05-01,21,colombia_plus_global_full,XGBClassifier,15,cluster_x4,0.9293040293040292,2200,1927,h21__colombia_plus_global_full__XGBClassifier__win15__wcluster_x4__competitivo_XGB_full_15_cluster,competitivo_XGB_full_15_cluster,Full global ponderando regímenes poco frecuentes.
0.8913043478260869,0.8971428571428571,0.826530612244898,0.9642857142857144,0.8901098901098901,0.7929652051193258,0.536,184,0.9639285714285714,83,17,3,81,0.83,0,2020-05-01,2020-11-01,21,colombia_plus_global_full,HistGradientBoostingClassifier,all,none,0.9181998556998556,2200,1938,h21__colombia_plus_global_full__HistGradientBoostingClassifier__winall__wnone__competitivo_HGB_full_all_none,competitivo_HGB_full_all_none,Referencia fuerte sin ponderación.
0.8232044198895028,0.7519698526892772,0.6190476190476191,0.6190476190476191,0.6190476190476191,0.5039397053785543,0.41,181,0.8645083932853717,123,16,16,26,0.8848920863309353,1,2020-11-01,2021-05-01,21,colombia_plus_global_full,HistGradientBoostingClassifier,all,none,0.8766233766233766,2200,1933,h21__colombia_plus_global_full__HistGradientBoostingClassifier__winall__wnone__competitivo_HGB_full_all_none,competitivo_HGB_full_all_none,Referencia fuerte sin ponderación.
0.7010869565217391,0.8312883435582822,0.2763157894736842,1.0,0.4329896907216495,0.4278789552986589,0.1669999999999999,184,0.971954425942156,108,55,0,21,0.6625766871165644,2,2021-05-01,2021-11-01,21,colombia_plus_global_full,HistGradientBoostingClassifier,all,none,0.8780799628079963,2200,1931,h21__colombia_plus_global_full__HistGradientBoostingClassifier__winall__wnone__competitivo_HGB_full_all_none,competitivo_HGB_full_all_none,Referencia fuerte sin ponderación.
0.861878453038674,0.8703362788414335,0.7757009345794392,0.988095238095238,0.8691099476439791,0.7513529840192341,0.122,181,0.958271968581247,73,24,1,83,0.7525773195876289,3,2021-11-01,2022-05-01,21,colombia_plus_global_full,HistGradientBoostingClassifier,all,none,0.8397981709239988,2200,1930,h21__colombia_plus_global_full__HistGradientBoostingClassifier__winall__wnone__competitivo_HGB_full_all_none,competitivo_HGB_full_all_none,Referencia fuerte sin ponderación.
0.9945652173913044,0.9969325153374232,0.9545454545454546,1.0,0.9767441860465116,0.9740068518559576,0.3739999999999999,184,0.9982471516213848,162,1,0,21,0.9938650306748468,4,2022-05-01,2022-11-01,21,colombia_plus_global_full,HistGradientBoostingClassifier,all,none,0.8551282051282052,2200,1925,h21__colombia_plus_global_full__HistGradientBoostingClassifier__winall__wnone__competitivo_HGB_full_all_none,competitivo_HGB_full_all_none,Referencia fuerte sin ponderación.
0.856353591160221,0.8343984962406015,0.816,0.9714285714285714,0.8869565217391304,0.7140797823445001,0.0572615542412229,181,0.9721804511278196,53,23,3,102,0.6973684210526315,5,2022-11-01,2023-05-01,21,colombia_plus_global_full,HistGradientBoostingClassifier,all,none,0.9327838827838828,2200,1935,h21__colombia_plus_global_full__HistGradientBoostingClassifier__winall__wnone__competitivo_HGB_full_all_none,competitivo_HGB_full_all_none,Referencia fuerte sin ponderación.
0.8206521739130435,0.6083844580777096,0.2692307692307692,0.3333333333333333,0.2978723404255319,0.1978724076880726,0.347,184,0.7782646801051709,144,19,14,7,0.8834355828220859,6,2023-05-01,2023-11-01,21,colombia_plus_global_full,HistGradientBoostingClassifier,all,none,0.9464700803612938,2200,1933,h21__colombia_plus_global_full__HistGradientBoostingClassifier__winall__wnone__competitivo_HGB_full_all_none,competitivo_HGB_full_all_none,Referencia fuerte sin ponderación.
0.9505494505494504,0.9554112554112556,0.9897959183673468,0.923809523809524,0.955665024630542,0.9026535340530742,0.086,182,0.9959183673469388,76,1,8,97,0.987012987012987,7,2023-11-01,2024-05-01,21,colombia_plus_global_full,HistGradientBoostingClassifier,all,none,0.8726671979810054,2200,1942,h21__colombia_plus_global_full__HistGradientBoostingClassifier__winall__wnone__competitivo_HGB_full_all_none,competitivo_HGB_full_all_none,Referencia fuerte sin ponderación.
0.9565217391304348,0.9493670886075948,0.9292035398230089,1.0,0.963302752293578,0.913841878460532,0.113,184,0.9980711271850512,71,8,0,105,0.8987341772151899,8,2024-05-01,2024-11-01,21,colombia_plus_global_full,HistGradientBoostingClassifier,all,none,0.8807539682539682,2200,1936,h21__colombia_plus_global_full__HistGradientBoostingClassifier__winall__wnone__competitivo_HGB_full_all_none,competitivo_HGB_full_all_none,Referencia fuerte sin ponderación.
0.9005524861878453,0.8992390770741285,0.902439024390244,0.8809523809523809,0.891566265060241,0.7999521782091737,0.0822221677221291,181,0.9618311242022582,89,8,10,74,0.9175257731958762,9,2024-11-01,2025-05-01,21,colombia_plus_global_full,HistGradientBoostingClassifier,all,none,0.9498168498168498,2200,1935,h21__colombia_plus_global_full__HistGradientBoostingClassifier__winall__wnone__competitivo_HGB_full_all_none,competitivo_HGB_full_all_none,Referencia fuerte sin ponderación.
0.7228260869565217,0.7202380952380952,0.6987951807228916,0.6904761904761905,0.6946107784431138,0.4409225881130688,0.1320470943450928,184,0.7894047619047619,75,25,26,58,0.75,0,2020-05-01,2020-11-01,21,colombia_plus_global_compact,XGBClassifier,all,none,0.72492784992785,528,250,h21__colombia_plus_global_compact__XGBClassifier__winall__wnone__historico_XGB_compact_all_none,historico_XGB_compact_all_none,Configuración comparable al mejor resultado histórico reportado.
0.4419889502762431,0.6283830078794107,0.2907801418439716,0.9761904761904762,0.448087431693989,0.261234201606702,0.2523217016160488,181,0.6471394313120932,39,100,1,41,0.2805755395683453,1,2020-11-01,2021-05-01,21,colombia_plus_global_compact,XGBClassifier,all,none,0.702020202020202,528,250,h21__colombia_plus_global_compact__XGBClassifier__winall__wnone__historico_XGB_compact_all_none,historico_XGB_compact_all_none,Configuración comparable al mejor resultado histórico reportado.
0.2608695652173913,0.5828220858895705,0.1337579617834395,1.0,0.2359550561797752,0.1488496785299983,0.089,184,0.2605901256208005,27,136,0,21,0.1656441717791411,2,2021-05-01,2021-11-01,21,colombia_plus_global_compact,XGBClassifier,all,none,0.6742877067144849,528,250,h21__colombia_plus_global_compact__XGBClassifier__winall__wnone__historico_XGB_compact_all_none,historico_XGB_compact_all_none,Configuración comparable al mejor resultado histórico reportado.
0.6519337016574586,0.6752577319587629,0.5714285714285714,1.0,0.7272727272727273,0.4475427921551354,0.1994090697288513,181,0.8924889543446244,34,63,0,84,0.3505154639175257,3,2021-11-01,2022-05-01,21,colombia_plus_global_compact,XGBClassifier,all,none,0.619205298013245,528,250,h21__colombia_plus_global_compact__XGBClassifier__winall__wnone__historico_XGB_compact_all_none,historico_XGB_compact_all_none,Configuración comparable al mejor resultado histórico reportado.
0.7010869565217391,0.8312883435582822,0.2763157894736842,1.0,0.4329896907216495,0.4278789552986589,0.5396769625663758,184,1.0,108,55,0,21,0.6625766871165644,4,2022-05-01,2022-11-01,21,colombia_plus_global_compact,XGBClassifier,all,none,0.739010989010989,528,250,h21__colombia_plus_global_compact__XGBClassifier__winall__wnone__historico_XGB_compact_all_none,historico_XGB_compact_all_none,Configuración comparable al mejor resultado histórico reportado.
0.5248618784530387,0.5904761904761905,1.0,0.1809523809523809,0.3064516129032258,0.2913610139445495,0.4244391655921937,181,0.8214285714285714,76,0,86,19,1.0,5,2022-11-01,2023-05-01,21,colombia_plus_global_compact,XGBClassifier,all,none,0.7489010989010989,528,250,h21__colombia_plus_global_compact__XGBClassifier__winall__wnone__historico_XGB_compact_all_none,historico_XGB_compact_all_none,Configuración comparable al mejor resultado histórico reportado.
0.6847826086956522,0.5939234589541338,0.175438596491228,0.4761904761904761,0.2564102564102564,0.129171955721479,0.1060790622711181,184,0.5612036225533158,116,47,11,10,0.7116564417177914,6,2023-05-01,2023-11-01,21,colombia_plus_global_compact,XGBClassifier,all,none,0.6506276150627615,528,250,h21__colombia_plus_global_compact__XGBClassifier__winall__wnone__historico_XGB_compact_all_none,historico_XGB_compact_all_none,Configuración comparable al mejor resultado histórico reportado.
0.7692307692307693,0.7532467532467533,0.7692307692307693,0.8571428571428571,0.8108108108108109,0.5222329678670935,0.0565,182,0.8091527520098949,50,27,15,90,0.6493506493506493,7,2023-11-01,2024-05-01,21,colombia_plus_global_compact,XGBClassifier,all,none,0.775851763299462,528,250,h21__colombia_plus_global_compact__XGBClassifier__winall__wnone__historico_XGB_compact_all_none,historico_XGB_compact_all_none,Configuración comparable al mejor resultado histórico reportado.
0.907608695652174,0.906509945750452,0.9230769230769232,0.9142857142857144,0.9186602870813396,0.8117974883264524,0.3359999999999999,184,0.9637130801687764,71,8,9,96,0.8987341772151899,8,2024-05-01,2024-11-01,21,colombia_plus_global_compact,XGBClassifier,all,none,0.7408730158730159,528,250,h21__colombia_plus_global_compact__XGBClassifier__winall__wnone__historico_XGB_compact_all_none,historico_XGB_compact_all_none,Configuración comparable al mejor resultado histórico reportado.
0.580110497237569,0.5835174275895925,0.5408163265306123,0.6309523809523809,0.5824175824175825,0.1671785411026828,0.1735,181,0.6388070692194403,52,45,31,53,0.5360824742268041,9,2024-11-01,2025-05-01,21,colombia_plus_global_compact,XGBClassifier,all,none,0.8249084249084249,528,250,h21__colombia_plus_global_compact__XGBClassifier__winall__wnone__historico_XGB_compact_all_none,historico_XGB_compact_all_none,Configuración comparable al mejor resultado histórico reportado.
0.7554347826086957,0.7664285714285715,0.6756756756756757,0.8928571428571429,0.7692307692307693,0.5425346936334565,0.0773921322822571,184,0.8182142857142858,64,36,9,75,0.64,0,2020-05-01,2020-11-01,21,colombia_plus_global_compact,XGBClassifier,all,recency_4y,0.8072691197691197,528,250,h21__colombia_plus_global_compact__XGBClassifier__winall__wrecency_4y__compact_XGB_all_recency,compact_XGB_all_recency,Compacto global con énfasis reciente.
0.5248618784530387,0.6823398424117848,0.3253968253968254,0.9761904761904762,0.4880952380952381,0.3347164053407593,0.365,181,0.7226789996574169,54,85,1,41,0.3884892086330935,1,2020-11-01,2021-05-01,21,colombia_plus_global_compact,XGBClassifier,all,recency_4y,0.762536075036075,528,250,h21__colombia_plus_global_compact__XGBClassifier__winall__wrecency_4y__compact_XGB_all_recency,compact_XGB_all_recency,Compacto global con énfasis reciente.
0.2771739130434782,0.5920245398773006,0.1363636363636363,1.0,0.24,0.1584222262964333,0.1028145124435424,184,0.3510078878177037,30,133,0,21,0.1840490797546012,2,2021-05-01,2021-11-01,21,colombia_plus_global_compact,XGBClassifier,all,recency_4y,0.680348010891944,528,250,h21__colombia_plus_global_compact__XGBClassifier__winall__wrecency_4y__compact_XGB_all_recency,compact_XGB_all_recency,Compacto global con énfasis reciente.
0.6795580110497238,0.6978399607265586,0.5970149253731343,0.9523809523809524,0.7339449541284404,0.4500576983518894,0.1829161697864532,181,0.8001963672066765,43,54,4,80,0.4432989690721649,3,2021-11-01,2022-05-01,21,colombia_plus_global_compact,XGBClassifier,all,recency_4y,0.6440397350993378,528,250,h21__colombia_plus_global_compact__XGBClassifier__winall__wrecency_4y__compact_XGB_all_recency,compact_XGB_all_recency,Compacto global con énfasis reciente.
0.9456521739130436,0.8241308793456033,0.8235294117647058,0.6666666666666666,0.7368421052631579,0.7118215901731474,0.7688211879730225,184,0.9830557990067192,160,3,7,14,0.98159509202454,4,2022-05-01,2022-11-01,21,colombia_plus_global_compact,XGBClassifier,all,recency_4y,0.7195054945054945,528,250,h21__colombia_plus_global_compact__XGBClassifier__winall__wrecency_4y__compact_XGB_all_recency,compact_XGB_all_recency,Compacto global con énfasis reciente.
0.7071823204419889,0.7040100250626566,0.76,0.7238095238095238,0.7414634146341463,0.4049864017238567,0.0733096300840377,181,0.8416040100250626,52,24,29,76,0.6842105263157895,5,2022-11-01,2023-05-01,21,colombia_plus_global_compact,XGBClassifier,all,recency_4y,0.778113553113553,528,250,h21__colombia_plus_global_compact__XGBClassifier__winall__wrecency_4y__compact_XGB_all_recency,compact_XGB_all_recency,Compacto global con énfasis reciente.
0.8858695652173914,0.5,0.0,0.0,0.0,,0.3363246290683746,184,0.5571136430032135,163,0,21,0,1.0,6,2023-05-01,2023-11-01,21,colombia_plus_global_compact,XGBClassifier,all,recency_4y,0.6949757587832901,528,250,h21__colombia_plus_global_compact__XGBClassifier__winall__wrecency_4y__compact_XGB_all_recency,compact_XGB_all_recency,Compacto global con énfasis reciente.
0.7362637362637363,0.7316017316017316,0.7766990291262136,0.7619047619047619,0.7692307692307693,0.4617210258657861,0.0565,182,0.8499690785405072,54,23,25,80,0.7012987012987013,7,2023-11-01,2024-05-01,21,colombia_plus_global_compact,XGBClassifier,all,recency_4y,0.7446038387460981,528,250,h21__colombia_plus_global_compact__XGBClassifier__winall__wrecency_4y__compact_XGB_all_recency,compact_XGB_all_recency,Compacto global con énfasis reciente.
0.532608695652174,0.5904761904761905,1.0,0.1809523809523809,0.3064516129032258,0.294343008474478,0.3865551134645938,184,0.9527426160337552,79,0,86,19,1.0,8,2024-05-01,2024-11-01,21,colombia_plus_global_compact,XGBClassifier,all,recency_4y,0.7449404761904762,528,250,h21__colombia_plus_global_compact__XGBClassifier__winall__wrecency_4y__compact_XGB_all_recency,compact_XGB_all_recency,Compacto global con énfasis reciente.
0.6132596685082873,0.6192317133038783,0.5673076923076923,0.7023809523809523,0.6276595744680851,0.2405388654491562,0.0565,181,0.73379970544919,52,45,25,59,0.5360824742268041,9,2024-11-01,2025-05-01,21,colombia_plus_global_compact,XGBClassifier,all,recency_4y,0.8249084249084249,528,250,h21__colombia_plus_global_compact__XGBClassifier__winall__wrecency_4y__compact_XGB_all_recency,compact_XGB_all_recency,Compacto global con énfasis reciente.
0.6413043478260869,0.6090476190476191,0.9090909090909092,0.238095238095238,0.3773584905660377,0.334824306990638,0.172503321826458,184,0.8502380952380952,98,2,64,20,0.98,0,2020-05-01,2020-11-01,21,global_no_gold_direct,XGBClassifier,all,none,0.7053571428571428,456,178,h21__global_no_gold_direct__XGBClassifier__winall__wnone__auditoria_XGB_no_gold_direct_all_none,auditoria_XGB_no_gold_direct_all_none,Auditoría sin GLD/IAU/GC directo.
0.4861878453038674,0.6488523466940733,0.3053435114503817,0.9523809523809524,0.4624277456647399,0.2810587282381923,0.1897088160514831,181,0.6071428571428571,48,91,2,40,0.3453237410071942,1,2020-11-01,2021-05-01,21,global_no_gold_direct,XGBClassifier,all,none,0.7471139971139971,456,178,h21__global_no_gold_direct__XGBClassifier__winall__wnone__auditoria_XGB_no_gold_direct_all_none,auditoria_XGB_no_gold_direct_all_none,Auditoría sin GLD/IAU/GC directo.
0.2880434782608695,0.598159509202454,0.1381578947368421,1.0,0.2427745664739884,0.1646906866815043,0.0955,184,0.2376570260005842,32,131,0,21,0.1963190184049079,2,2021-05-01,2021-11-01,21,global_no_gold_direct,XGBClassifier,all,none,0.6794016072258751,456,178,h21__global_no_gold_direct__XGBClassifier__winall__wnone__auditoria_XGB_no_gold_direct_all_none,auditoria_XGB_no_gold_direct_all_none,Auditoría sin GLD/IAU/GC directo.
0.6850828729281768,0.7061855670103092,0.5957446808510638,1.0,0.7466666666666667,0.4956489782389394,0.2162868428230285,181,0.8669612174766814,40,57,0,84,0.4123711340206185,3,2021-11-01,2022-05-01,21,global_no_gold_direct,XGBClassifier,all,none,0.6225165562913907,456,178,h21__global_no_gold_direct__XGBClassifier__winall__wnone__auditoria_XGB_no_gold_direct_all_none,auditoria_XGB_no_gold_direct_all_none,Auditoría sin GLD/IAU/GC directo.
0.7010869565217391,0.8312883435582822,0.2763157894736842,1.0,0.4329896907216495,0.4278789552986589,0.432034476184845,184,0.9886064855390008,108,55,0,21,0.6625766871165644,4,2022-05-01,2022-11-01,21,global_no_gold_direct,XGBClassifier,all,none,0.6862637362637363,456,178,h21__global_no_gold_direct__XGBClassifier__winall__wnone__auditoria_XGB_no_gold_direct_all_none,auditoria_XGB_no_gold_direct_all_none,Auditoría sin GLD/IAU/GC directo.
0.5524861878453039,0.5815789473684211,0.7,0.4,0.509090909090909,0.1710571485333945,0.2091776336669922,181,0.761904761904762,58,18,63,42,0.7631578947368421,5,2022-11-01,2023-05-01,21,global_no_gold_direct,XGBClassifier,all,none,0.7494505494505495,456,178,h21__global_no_gold_direct__XGBClassifier__winall__wnone__auditoria_XGB_no_gold_direct_all_none,auditoria_XGB_no_gold_direct_all_none,Auditoría sin GLD/IAU/GC directo.
0.4402173913043478,0.3936605316973415,0.0729166666666666,0.3333333333333333,0.1196581196581196,-0.1353788988046389,0.071774944615364,184,0.4598305579900671,74,89,14,7,0.4539877300613497,6,2023-05-01,2023-11-01,21,global_no_gold_direct,XGBClassifier,all,none,0.6317991631799164,456,178,h21__global_no_gold_direct__XGBClassifier__winall__wnone__auditoria_XGB_no_gold_direct_all_none,auditoria_XGB_no_gold_direct_all_none,Auditoría sin GLD/IAU/GC directo.
0.7747252747252747,0.7545454545454545,0.7622950819672131,0.8857142857142857,0.8193832599118943,0.5350320686239618,0.05,182,0.8232529375386518,48,29,12,93,0.6233766233766234,7,2023-11-01,2024-05-01,21,global_no_gold_direct,XGBClassifier,all,none,0.7325662482566249,456,178,h21__global_no_gold_direct__XGBClassifier__winall__wnone__auditoria_XGB_no_gold_direct_all_none,auditoria_XGB_no_gold_direct_all_none,Auditoría sin GLD/IAU/GC directo.
0.7336956521739131,0.7603978300180831,0.9375,0.5714285714285714,0.7100591715976331,0.5412463013918373,0.2997039485275746,184,0.954249547920434,75,4,45,60,0.9493670886075948,8,2024-05-01,2024-11-01,21,global_no_gold_direct,XGBClassifier,all,none,0.7334325396825396,456,178,h21__global_no_gold_direct__XGBClassifier__winall__wnone__auditoria_XGB_no_gold_direct_all_none,auditoria_XGB_no_gold_direct_all_none,Auditoría sin GLD/IAU/GC directo.
0.5524861878453039,0.5521600392734414,0.5168539325842697,0.5476190476190477,0.5317919075144508,0.1040649544707759,0.2385,181,0.6941580756013745,54,43,38,46,0.5567010309278351,9,2024-11-01,2025-05-01,21,global_no_gold_direct,XGBClassifier,all,none,0.8645604395604396,456,178,h21__global_no_gold_direct__XGBClassifier__winall__wnone__auditoria_XGB_no_gold_direct_all_none,auditoria_XGB_no_gold_direct_all_none,Auditoría sin GLD/IAU/GC directo.
0.7228260869565217,0.7145238095238096,0.7323943661971831,0.6190476190476191,0.6709677419354839,0.4390123555402979,0.05,184,0.851190476190476,81,19,32,52,0.81,0,2020-05-01,2020-11-01,21,global_no_gold_direct,HistGradientBoostingClassifier,all,balanced,0.69760101010101,456,178,h21__global_no_gold_direct__HistGradientBoostingClassifier__winall__wbalanced__auditoria_HGB_no_gold_direct_all_balanced,auditoria_HGB_no_gold_direct_all_balanced,Auditoría sin oro directo con modelo alternativo.
0.6022099447513812,0.6330078794107571,0.3295454545454545,0.6904761904761905,0.4461538461538462,0.2246759569071579,0.05,181,0.5972935936964714,80,59,13,29,0.5755395683453237,1,2020-11-01,2021-05-01,21,global_no_gold_direct,HistGradientBoostingClassifier,all,balanced,0.7459415584415584,456,178,h21__global_no_gold_direct__HistGradientBoostingClassifier__winall__wbalanced__auditoria_HGB_no_gold_direct_all_balanced,auditoria_HGB_no_gold_direct_all_balanced,Auditoría sin oro directo con modelo alternativo.
0.3206521739130434,0.5128542214431785,0.1176470588235294,0.7619047619047619,0.2038216560509554,0.0186161191404223,0.05,184,0.2673093777388255,43,120,5,16,0.263803680981595,2,2021-05-01,2021-11-01,21,global_no_gold_direct,HistGradientBoostingClassifier,all,balanced,0.6802483894534104,456,178,h21__global_no_gold_direct__HistGradientBoostingClassifier__winall__wbalanced__auditoria_HGB_no_gold_direct_all_balanced,auditoria_HGB_no_gold_direct_all_balanced,Auditoría sin oro directo con modelo alternativo.
0.7513812154696132,0.7600638193421698,0.6788990825688074,0.8809523809523809,0.7668393782383419,0.529975685200943,0.2018002488666394,181,0.8642611683848798,62,35,10,74,0.6391752577319587,3,2021-11-01,2022-05-01,21,global_no_gold_direct,HistGradientBoostingClassifier,all,balanced,0.6597287921791233,456,178,h21__global_no_gold_direct__HistGradientBoostingClassifier__winall__wbalanced__auditoria_HGB_no_gold_direct_all_balanced,auditoria_HGB_no_gold_direct_all_balanced,Auditoría sin oro directo con modelo alternativo.
0.9619565217391304,0.8333333333333333,1.0,0.6666666666666666,0.8,0.7995096536468523,0.7054197019698348,184,0.9649430324276952,163,0,7,14,1.0,4,2022-05-01,2022-11-01,21,global_no_gold_direct,HistGradientBoostingClassifier,all,balanced,0.7350732600732601,456,178,h21__global_no_gold_direct__HistGradientBoostingClassifier__winall__wbalanced__auditoria_HGB_no_gold_direct_all_balanced,auditoria_HGB_no_gold_direct_all_balanced,Auditoría sin oro directo con modelo alternativo.
0.6464088397790055,0.6934210526315789,0.9767441860465116,0.4,0.5675675675675675,0.448602214183308,0.05,181,0.8746867167919801,75,1,63,42,0.986842105263158,5,2022-11-01,2023-05-01,21,global_no_gold_direct,HistGradientBoostingClassifier,all,balanced,0.5974358974358974,456,178,h21__global_no_gold_direct__HistGradientBoostingClassifier__winall__wbalanced__auditoria_HGB_no_gold_direct_all_balanced,auditoria_HGB_no_gold_direct_all_balanced,Auditoría sin oro directo con modelo alternativo.
0.7989130434782609,0.450920245398773,0.0,0.0,0.0,-0.1107697551243422,0.0583709247075042,184,0.628396143733567,147,16,21,0,0.901840490797546,6,2023-05-01,2023-11-01,21,global_no_gold_direct,HistGradientBoostingClassifier,all,balanced,0.6438367536693896,456,178,h21__global_no_gold_direct__HistGradientBoostingClassifier__winall__wbalanced__auditoria_HGB_no_gold_direct_all_balanced,auditoria_HGB_no_gold_direct_all_balanced,Auditoría sin oro directo con modelo alternativo.
0.532967032967033,0.5935064935064935,0.9545454545454546,0.2,0.3307086614173228,0.2834264957839981,0.05,182,0.8106369820655535,76,1,84,21,0.987012987012987,7,2023-11-01,2024-05-01,21,global_no_gold_direct,HistGradientBoostingClassifier,all,balanced,0.6599588231387394,456,178,h21__global_no_gold_direct__HistGradientBoostingClassifier__winall__wbalanced__auditoria_HGB_no_gold_direct_all_balanced,auditoria_HGB_no_gold_direct_all_balanced,Auditoría sin oro directo con modelo alternativo.
0.7771739130434783,0.7765521398432791,0.82,0.780952380952381,0.8,0.5496365070708018,0.0634254219222973,184,0.8865581675708258,61,18,23,82,0.7721518987341772,8,2024-05-01,2024-11-01,21,global_no_gold_direct,HistGradientBoostingClassifier,all,balanced,0.7281746031746033,456,178,h21__global_no_gold_direct__HistGradientBoostingClassifier__winall__wbalanced__auditoria_HGB_no_gold_direct_all_balanced,auditoria_HGB_no_gold_direct_all_balanced,Auditoría sin oro directo con modelo alternativo.
0.6795580110497238,0.6850760922925871,0.6274509803921569,0.7619047619047619,0.6881720430107527,0.3722135640908788,0.05,181,0.7594501718213058,59,38,20,64,0.6082474226804123,9,2024-11-01,2025-05-01,21,global_no_gold_direct,HistGradientBoostingClassifier,all,balanced,0.8361721611721611,456,178,h21__global_no_gold_direct__HistGradientBoostingClassifier__winall__wbalanced__auditoria_HGB_no_gold_direct_all_balanced,auditoria_HGB_no_gold_direct_all_balanced,Auditoría sin oro directo con modelo alternativo.
0.592391304347826,0.5573809523809523,0.7647058823529411,0.1547619047619047,0.2574257425742574,0.1974034300405757,0.1084999999999999,184,0.8208333333333333,96,4,71,13,0.96,0,2020-05-01,2020-11-01,21,global_no_metals,XGBClassifier,all,none,0.7545093795093796,366,88,h21__global_no_metals__XGBClassifier__winall__wnone__auditoria_XGB_no_metals_all_none,auditoria_XGB_no_metals_all_none,Auditoría sin metales; mide señal macro no metálica.
0.4585635359116022,0.630866735183282,0.2941176470588235,0.9523809523809524,0.449438202247191,0.2556322236686832,0.1959633860886097,181,0.6461116820829051,43,96,2,40,0.3093525179856115,1,2020-11-01,2021-05-01,21,global_no_metals,XGBClassifier,all,none,0.7673160173160174,366,88,h21__global_no_metals__XGBClassifier__winall__wnone__auditoria_XGB_no_metals_all_none,auditoria_XGB_no_metals_all_none,Auditoría sin metales; mide señal macro no metálica.
0.2771739130434782,0.5920245398773006,0.1363636363636363,1.0,0.24,0.1584222262964333,0.0955,184,0.2360502483201869,30,133,0,21,0.1840490797546012,2,2021-05-01,2021-11-01,21,global_no_metals,XGBClassifier,all,none,0.7077605100617652,366,88,h21__global_no_metals__XGBClassifier__winall__wnone__auditoria_XGB_no_metals_all_none,auditoria_XGB_no_metals_all_none,Auditoría sin metales; mide señal macro no metálica.
0.6850828729281768,0.7061855670103092,0.5957446808510638,1.0,0.7466666666666667,0.4956489782389394,0.2944076142787933,181,0.8362788414334806,40,57,0,84,0.4123711340206185,3,2021-11-01,2022-05-01,21,global_no_metals,XGBClassifier,all,none,0.6208609271523179,366,88,h21__global_no_metals__XGBClassifier__winall__wnone__auditoria_XGB_no_metals_all_none,auditoria_XGB_no_metals_all_none,Auditoría sin metales; mide señal macro no metálica.
0.6304347826086957,0.7914110429447853,0.2359550561797752,1.0,0.3818181818181818,0.3708366460031795,0.5084935024261474,184,0.9447852760736196,95,68,0,21,0.5828220858895705,4,2022-05-01,2022-11-01,21,global_no_metals,XGBClassifier,all,none,0.720970695970696,366,88,h21__global_no_metals__XGBClassifier__winall__wnone__auditoria_XGB_no_metals_all_none,auditoria_XGB_no_metals_all_none,Auditoría sin metales; mide señal macro no metálica.
0.5966850828729282,0.6287593984962406,0.7758620689655172,0.4285714285714285,0.5521472392638037,0.2723603151523943,0.1431553665161133,181,0.7889097744360902,63,13,60,45,0.8289473684210527,5,2022-11-01,2023-05-01,21,global_no_metals,XGBClassifier,all,none,0.7471611721611722,366,88,h21__global_no_metals__XGBClassifier__winall__wnone__auditoria_XGB_no_metals_all_none,auditoria_XGB_no_metals_all_none,Auditoría sin metales; mide señal macro no metálica.
0.3315217391304347,0.4152789950335963,0.0887096774193548,0.5238095238095238,0.1517241379310344,-0.1149312357297822,0.05,184,0.3929301782062518,50,113,10,11,0.3067484662576687,6,2023-05-01,2023-11-01,21,global_no_metals,XGBClassifier,all,none,0.6119578933386465,366,88,h21__global_no_metals__XGBClassifier__winall__wnone__auditoria_XGB_no_metals_all_none,auditoria_XGB_no_metals_all_none,Auditoría sin metales; mide señal macro no metálica.
0.7362637362637363,0.7316017316017316,0.7766990291262136,0.7619047619047619,0.7692307692307693,0.4617210258657861,0.089,182,0.8683982683982684,54,23,25,80,0.7012987012987013,7,2023-11-01,2024-05-01,21,global_no_metals,XGBClassifier,all,none,0.7152321179517833,366,88,h21__global_no_metals__XGBClassifier__winall__wnone__auditoria_XGB_no_metals_all_none,auditoria_XGB_no_metals_all_none,Auditoría sin metales; mide señal macro no metálica.
0.6521739130434783,0.6889692585895117,0.9183673469387756,0.4285714285714285,0.5844155844155844,0.423218287678931,0.3173881220817566,184,0.9321277878239904,75,4,60,45,0.9493670886075948,8,2024-05-01,2024-11-01,21,global_no_metals,XGBClassifier,all,none,0.7237103174603174,366,88,h21__global_no_metals__XGBClassifier__winall__wnone__auditoria_XGB_no_metals_all_none,auditoria_XGB_no_metals_all_none,Auditoría sin metales; mide señal macro no metálica.
0.5193370165745856,0.5188389788905252,0.4831460674157303,0.5119047619047619,0.4971098265895953,0.0375858129676802,0.18,181,0.6093519882179677,51,46,41,43,0.5257731958762887,9,2024-11-01,2025-05-01,21,global_no_metals,XGBClassifier,all,none,0.8034798534798535,366,88,h21__global_no_metals__XGBClassifier__winall__wnone__auditoria_XGB_no_metals_all_none,auditoria_XGB_no_metals_all_none,Auditoría sin metales; mide señal macro no metálica.
0.7880434782608695,0.7821428571428571,0.8,0.7142857142857143,0.7547169811320755,0.5719984052622372,0.18,184,0.8988095238095237,85,15,24,60,0.85,0,2020-05-01,2020-11-01,21,global_macro_only,XGBClassifier,all,none,0.7136544011544012,1188,910,h21__global_macro_only__XGBClassifier__winall__wnone__auditoria_XGB_macro_only_all_none,auditoria_XGB_macro_only_all_none,Contexto macro global sin depender de instrumentos metálicos.
0.580110497237569,0.7100034258307639,0.3508771929824561,0.9523809523809524,0.5128205128205128,0.3671965511607512,0.1598354694843292,181,0.6455978074683111,65,74,2,40,0.4676258992805755,1,2020-11-01,2021-05-01,21,global_macro_only,XGBClassifier,all,none,0.7640692640692641,1188,910,h21__global_macro_only__XGBClassifier__winall__wnone__auditoria_XGB_macro_only_all_none,auditoria_XGB_macro_only_all_none,Contexto macro global sin depender de instrumentos metálicos.
0.3423913043478261,0.6080923166812737,0.1428571428571428,0.9523809523809524,0.2484472049689441,0.1611528216629061,0.1604999999999999,184,0.3990651475314051,43,120,1,20,0.263803680981595,2,2021-05-01,2021-11-01,21,global_macro_only,XGBClassifier,all,none,0.7795377565252042,1188,910,h21__global_macro_only__XGBClassifier__winall__wnone__auditoria_XGB_macro_only_all_none,auditoria_XGB_macro_only_all_none,Contexto macro global sin depender de instrumentos metálicos.
0.7071823204419889,0.7084560628375061,0.6703296703296703,0.7261904761904762,0.6971428571428572,0.415841746179298,0.398784448981285,181,0.8125920471281296,67,30,23,61,0.6907216494845361,3,2021-11-01,2022-05-01,21,global_macro_only,XGBClassifier,all,none,0.7050614947965941,1188,910,h21__global_macro_only__XGBClassifier__winall__wnone__auditoria_XGB_macro_only_all_none,auditoria_XGB_macro_only_all_none,Contexto macro global sin depender de instrumentos metálicos.
0.8532608695652174,0.9171779141104296,0.4375,1.0,0.6086956521739131,0.6041776848300721,0.4657398495674133,184,0.960268770084721,136,27,0,21,0.8343558282208589,4,2022-05-01,2022-11-01,21,global_macro_only,XGBClassifier,all,none,0.7284798534798536,1188,910,h21__global_macro_only__XGBClassifier__winall__wnone__auditoria_XGB_macro_only_all_none,auditoria_XGB_macro_only_all_none,Contexto macro global sin depender de instrumentos metálicos.
0.8232044198895028,0.8458020050125313,0.9866666666666668,0.7047619047619048,0.8222222222222222,0.6929076945185839,0.3753227917671204,181,0.9573934837092732,75,1,31,74,0.986842105263158,5,2022-11-01,2023-05-01,21,global_macro_only,XGBClassifier,all,none,0.6896520146520146,1188,910,h21__global_macro_only__XGBClassifier__winall__wnone__auditoria_XGB_macro_only_all_none,auditoria_XGB_macro_only_all_none,Contexto macro global sin depender de instrumentos metálicos.
0.8858695652173914,0.5,0.0,0.0,0.0,,0.3832232546329498,184,0.9564709319310548,163,0,21,0,1.0,6,2023-05-01,2023-11-01,21,global_macro_only,XGBClassifier,all,none,0.7428106528524938,1188,910,h21__global_macro_only__XGBClassifier__winall__wnone__auditoria_XGB_macro_only_all_none,auditoria_XGB_macro_only_all_none,Contexto macro global sin depender de instrumentos metálicos.
0.7417582417582418,0.7658008658008658,0.9142857142857144,0.6095238095238096,0.7314285714285714,0.5398441104379307,0.1474999999999999,182,0.9145330859616572,71,6,41,64,0.922077922077922,7,2023-11-01,2024-05-01,21,global_macro_only,XGBClassifier,all,none,0.8645812578866972,1188,910,h21__global_macro_only__XGBClassifier__winall__wnone__auditoria_XGB_macro_only_all_none,auditoria_XGB_macro_only_all_none,Contexto macro global sin depender de instrumentos metálicos.
0.6521739130434783,0.6952380952380952,1.0,0.3904761904761905,0.5616438356164384,0.4644541050713361,0.3505531166493892,184,0.962386980108499,79,0,64,41,1.0,8,2024-05-01,2024-11-01,21,global_macro_only,XGBClassifier,all,none,0.798313492063492,1188,910,h21__global_macro_only__XGBClassifier__winall__wnone__auditoria_XGB_macro_only_all_none,auditoria_XGB_macro_only_all_none,Contexto macro global sin depender de instrumentos metálicos.
0.712707182320442,0.7311610211094748,0.6194029850746269,0.988095238095238,0.7614678899082569,0.5258583590854737,0.1349673537015915,181,0.92206676485027,46,51,1,83,0.4742268041237113,9,2024-11-01,2025-05-01,21,global_macro_only,XGBClassifier,all,none,0.8169413919413919,1188,910,h21__global_macro_only__XGBClassifier__winall__wnone__auditoria_XGB_macro_only_all_none,auditoria_XGB_macro_only_all_none,Contexto macro global sin depender de instrumentos metálicos.
0.7934782608695652,0.81,0.6885245901639344,1.0,0.8155339805825242,0.6533645581921622,0.1593194794654846,184,0.8084523809523809,62,38,0,84,0.62,0,2020-05-01,2020-11-01,21,colombia_only,XGBClassifier,all,recency_4y,0.8125901875901876,278,0,h21__colombia_only__XGBClassifier__winall__wrecency_4y__referencia_colombia_only_XGB_all_recency,referencia_colombia_only_XGB_all_recency,Referencia local: mide cuánto se logra sin contexto global.
0.5469613259668509,0.5970366563891744,0.2959183673469387,0.6904761904761905,0.4142857142857143,0.1644166444432751,0.2388126412034034,181,0.6243576567317575,70,69,13,29,0.5035971223021583,1,2020-11-01,2021-05-01,21,colombia_only,XGBClassifier,all,recency_4y,0.7274531024531025,278,0,h21__colombia_only__XGBClassifier__winall__wrecency_4y__referencia_colombia_only_XGB_all_recency,referencia_colombia_only_XGB_all_recency,Referencia local: mide cuánto se logra sin contexto global.
0.2826086956521739,0.5950920245398773,0.1372549019607843,1.0,0.2413793103448276,0.1615663733917015,0.1149999999999999,184,0.2836692959392345,31,132,0,21,0.1901840490797546,2,2021-05-01,2021-11-01,21,colombia_only,XGBClassifier,all,recency_4y,0.7101348210134821,278,0,h21__colombia_only__XGBClassifier__winall__wrecency_4y__referencia_colombia_only_XGB_all_recency,referencia_colombia_only_XGB_all_recency,Referencia local: mide cuánto se logra sin contexto global.
0.6850828729281768,0.7061855670103092,0.5957446808510638,1.0,0.7466666666666667,0.4956489782389394,0.1317228412628174,181,0.7587751595483554,40,57,0,84,0.4123711340206185,3,2021-11-01,2022-05-01,21,colombia_only,XGBClassifier,all,recency_4y,0.6109271523178808,278,0,h21__colombia_only__XGBClassifier__winall__wrecency_4y__referencia_colombia_only_XGB_all_recency,referencia_colombia_only_XGB_all_recency,Referencia local: mide cuánto se logra sin contexto global.
0.6793478260869565,0.8190184049079754,0.2625,1.0,0.4158415841584158,0.4092489005198268,0.4110602607488631,184,0.9634823254455156,104,59,0,21,0.6380368098159509,4,2022-05-01,2022-11-01,21,colombia_only,XGBClassifier,all,recency_4y,0.7076923076923077,278,0,h21__colombia_only__XGBClassifier__winall__wrecency_4y__referencia_colombia_only_XGB_all_recency,referencia_colombia_only_XGB_all_recency,Referencia local: mide cuánto se logra sin contexto global.
0.6685082872928176,0.6815789473684211,0.7777777777777778,0.6,0.6774193548387096,0.3604577985859142,0.0565,181,0.8213032581453634,58,18,42,63,0.7631578947368421,5,2022-11-01,2023-05-01,21,colombia_only,XGBClassifier,all,recency_4y,0.7818681318681319,278,0,h21__colombia_only__XGBClassifier__winall__wrecency_4y__referencia_colombia_only_XGB_all_recency,referencia_colombia_only_XGB_all_recency,Referencia local: mide cuánto se logra sin contexto global.
0.8858695652173914,0.5,0.0,0.0,0.0,,0.4094406747817993,184,0.7960853052877592,163,0,21,0,1.0,6,2023-05-01,2023-11-01,21,colombia_only,XGBClassifier,all,recency_4y,0.6396360496778907,278,0,h21__colombia_only__XGBClassifier__winall__wrecency_4y__referencia_colombia_only_XGB_all_recency,referencia_colombia_only_XGB_all_recency,Referencia local: mide cuánto se logra sin contexto global.
0.5274725274725275,0.5904761904761905,1.0,0.1809523809523809,0.3064516129032258,0.2923706082990166,0.1345,182,0.747804576376005,77,0,86,19,1.0,7,2023-11-01,2024-05-01,21,colombia_only,XGBClassifier,all,recency_4y,0.6499302649930265,278,0,h21__colombia_only__XGBClassifier__winall__wrecency_4y__referencia_colombia_only_XGB_all_recency,referencia_colombia_only_XGB_all_recency,Referencia local: mide cuánto se logra sin contexto global.
0.5217391304347826,0.580952380952381,1.0,0.1619047619047619,0.2786885245901639,0.276748401598424,0.1994999999999999,184,0.9069318866787222,79,0,88,17,1.0,8,2024-05-01,2024-11-01,21,colombia_only,XGBClassifier,all,recency_4y,0.6760912698412699,278,0,h21__colombia_only__XGBClassifier__winall__wrecency_4y__referencia_colombia_only_XGB_all_recency,referencia_colombia_only_XGB_all_recency,Referencia local: mide cuánto se logra sin contexto global.
0.6298342541436464,0.6410775650466373,0.5726495726495726,0.7976190476190477,0.6666666666666666,0.2943272978127787,0.05,181,0.716372115856652,47,50,17,67,0.4845360824742268,9,2024-11-01,2025-05-01,21,colombia_only,XGBClassifier,all,recency_4y,0.8201465201465201,278,0,h21__colombia_only__XGBClassifier__winall__wrecency_4y__referencia_colombia_only_XGB_all_recency,referencia_colombia_only_XGB_all_recency,Referencia local: mide cuánto se logra sin contexto global.
0.7010869565217391,0.6954761904761905,0.6883116883116883,0.6309523809523809,0.6583850931677019,0.3947537406076181,0.0750153849688861,184,0.7828571428571428,76,24,31,53,0.76,0,2020-05-01,2020-11-01,21,colombia_only,HistGradientBoostingClassifier,all,macrofull_x15,0.7481962481962482,278,0,h21__colombia_only__HistGradientBoostingClassifier__winall__wmacrofull_x15__referencia_colombia_only_HGB_all_macrofull,referencia_colombia_only_HGB_all_macrofull,Referencia local con ponderación macroestructural.
0.6187845303867403,0.7351832819458719,0.3738317757009345,0.9523809523809524,0.5369127516778524,0.4038878036968752,0.05,181,0.6680369989722508,72,67,2,40,0.5179856115107914,1,2020-11-01,2021-05-01,21,colombia_only,HistGradientBoostingClassifier,all,macrofull_x15,0.6730699855699855,278,0,h21__colombia_only__HistGradientBoostingClassifier__winall__wmacrofull_x15__referencia_colombia_only_HGB_all_macrofull,referencia_colombia_only_HGB_all_macrofull,Referencia local con ponderación macroestructural.
0.3097826086956521,0.5482033304119194,0.1267605633802817,0.8571428571428571,0.2208588957055214,0.0730367892284149,0.05,184,0.2769500438212094,39,124,3,18,0.2392638036809816,2,2021-05-01,2021-11-01,21,colombia_only,HistGradientBoostingClassifier,all,macrofull_x15,0.731121737397888,278,0,h21__colombia_only__HistGradientBoostingClassifier__winall__wmacrofull_x15__referencia_colombia_only_HGB_all_macrofull,referencia_colombia_only_HGB_all_macrofull,Referencia local con ponderación macroestructural.
0.6906077348066298,0.711340206185567,0.6,1.0,0.75,0.5035953210889478,0.0666867253610123,181,0.813573883161512,41,56,0,84,0.422680412371134,3,2021-11-01,2022-05-01,21,colombia_only,HistGradientBoostingClassifier,all,macrofull_x15,0.6331336066435405,278,0,h21__colombia_only__HistGradientBoostingClassifier__winall__wmacrofull_x15__referencia_colombia_only_HGB_all_macrofull,referencia_colombia_only_HGB_all_macrofull,Referencia local con ponderación macroestructural.
0.7717391304347826,0.7052293309962021,0.2765957446808511,0.6190476190476191,0.3823529411764705,0.2992703297238812,0.581,184,0.8904469763365469,129,34,8,13,0.7914110429447853,4,2022-05-01,2022-11-01,21,colombia_only,HistGradientBoostingClassifier,all,macrofull_x15,0.7097069597069596,278,0,h21__colombia_only__HistGradientBoostingClassifier__winall__wmacrofull_x15__referencia_colombia_only_HGB_all_macrofull,referencia_colombia_only_HGB_all_macrofull,Referencia local con ponderación macroestructural.
0.4419889502762431,0.5190476190476191,1.0,0.0380952380952381,0.073394495412844,0.1278955721447248,0.2119508119151393,181,0.8870927318295738,76,0,101,4,1.0,5,2022-11-01,2023-05-01,21,colombia_only,HistGradientBoostingClassifier,all,macrofull_x15,0.5781135531135532,278,0,h21__colombia_only__HistGradientBoostingClassifier__winall__wmacrofull_x15__referencia_colombia_only_HGB_all_macrofull,referencia_colombia_only_HGB_all_macrofull,Referencia local con ponderación macroestructural.
0.8858695652173914,0.5,0.0,0.0,0.0,,0.05,184,0.3955594507741746,163,0,21,0,1.0,6,2023-05-01,2023-11-01,21,colombia_only,HistGradientBoostingClassifier,all,macrofull_x15,0.5488145048814504,278,0,h21__colombia_only__HistGradientBoostingClassifier__winall__wmacrofull_x15__referencia_colombia_only_HGB_all_macrofull,referencia_colombia_only_HGB_all_macrofull,Referencia local con ponderación macroestructural.
0.4230769230769231,0.5,0.0,0.0,0.0,,0.05,182,0.7601731601731602,77,0,105,0,1.0,7,2023-11-01,2024-05-01,21,colombia_only,HistGradientBoostingClassifier,all,macrofull_x15,0.606495317792389,278,0,h21__colombia_only__HistGradientBoostingClassifier__winall__wmacrofull_x15__referencia_colombia_only_HGB_all_macrofull,referencia_colombia_only_HGB_all_macrofull,Referencia local con ponderación macroestructural.
0.7119565217391305,0.7429174201326101,0.9482758620689656,0.5238095238095238,0.6748466257668712,0.5176039496524254,0.0674966980134702,184,0.9600964436407474,76,3,50,55,0.9620253164556962,8,2024-05-01,2024-11-01,21,colombia_only,HistGradientBoostingClassifier,all,macrofull_x15,0.7017857142857142,278,0,h21__colombia_only__HistGradientBoostingClassifier__winall__wmacrofull_x15__referencia_colombia_only_HGB_all_macrofull,referencia_colombia_only_HGB_all_macrofull,Referencia local con ponderación macroestructural.
0.6906077348066298,0.6953853706431026,0.64,0.7619047619047619,0.6956521739130435,0.3919268702659387,0.05,181,0.7416543937162494,61,36,20,64,0.6288659793814433,9,2024-11-01,2025-05-01,21,colombia_only,HistGradientBoostingClassifier,all,macrofull_x15,0.8046703296703297,278,0,h21__colombia_only__HistGradientBoostingClassifier__winall__wmacrofull_x15__referencia_colombia_only_HGB_all_macrofull,referencia_colombia_only_HGB_all_macrofull,Referencia local con ponderación macroestructural.
0.6630434782608695,0.6795238095238095,0.5887096774193549,0.8690476190476191,0.7019230769230769,0.3815093854183857,0.2885673872982964,184,0.6996428571428571,49,51,11,73,0.49,0,2020-05-01,2020-11-01,21,colombia_plus_global_compact,RandomForestClassifier,15,macrofull_x15,0.6821789321789322,528,250,h21__colombia_plus_global_compact__RandomForestClassifier__win15__wmacrofull_x15__referencia_RF_compact_15_macrofull,referencia_RF_compact_15_macrofull,Referencia de bosque aleatorio; más lenta y generalmente menos competitiva.
0.56353591160221,0.6078280232956492,0.3052631578947368,0.6904761904761905,0.4233576642335766,0.1822983158671134,0.3077545425734853,181,0.698184309695101,73,66,13,29,0.5251798561151079,1,2020-11-01,2021-05-01,21,colombia_plus_global_compact,RandomForestClassifier,15,macrofull_x15,0.7287157287157287,528,250,h21__colombia_plus_global_compact__RandomForestClassifier__win15__wmacrofull_x15__referencia_RF_compact_15_macrofull,referencia_RF_compact_15_macrofull,Referencia de bosque aleatorio; más lenta y generalmente menos competitiva.
0.2445652173913043,0.5736196319018405,0.13125,1.0,0.2320441988950276,0.1390149393922578,0.3299169694420667,184,0.2097575226409582,24,139,0,21,0.147239263803681,2,2021-05-01,2021-11-01,21,colombia_plus_global_compact,RandomForestClassifier,15,macrofull_x15,0.719731686258883,528,250,h21__colombia_plus_global_compact__RandomForestClassifier__win15__wmacrofull_x15__referencia_RF_compact_15_macrofull,referencia_RF_compact_15_macrofull,Referencia de bosque aleatorio; más lenta y generalmente menos competitiva.
0.7403314917127072,0.7513500245459008,0.6608695652173913,0.9047619047619048,0.7638190954773869,0.5208510570155402,0.3271527505106746,181,0.8346833578792341,58,39,8,76,0.5979381443298969,3,2021-11-01,2022-05-01,21,colombia_plus_global_compact,RandomForestClassifier,15,macrofull_x15,0.6693734889099128,528,250,h21__colombia_plus_global_compact__RandomForestClassifier__win15__wmacrofull_x15__referencia_RF_compact_15_macrofull,referencia_RF_compact_15_macrofull,Referencia de bosque aleatorio; más lenta y generalmente menos competitiva.
0.9021739130434784,0.7581069237510956,0.5714285714285714,0.5714285714285714,0.5714285714285714,0.516213847502191,0.4129063834757949,184,0.920829681565878,154,9,9,12,0.9447852760736196,4,2022-05-01,2022-11-01,21,colombia_plus_global_compact,RandomForestClassifier,15,macrofull_x15,0.6726190476190477,528,250,h21__colombia_plus_global_compact__RandomForestClassifier__win15__wmacrofull_x15__referencia_RF_compact_15_macrofull,referencia_RF_compact_15_macrofull,Referencia de bosque aleatorio; más lenta y generalmente menos competitiva.
0.580110497237569,0.5,0.580110497237569,1.0,0.7342657342657343,,0.076,181,0.8552631578947368,0,76,0,105,0.0,5,2022-11-01,2023-05-01,21,colombia_plus_global_compact,RandomForestClassifier,15,macrofull_x15,0.5163919413919414,528,250,h21__colombia_plus_global_compact__RandomForestClassifier__win15__wmacrofull_x15__referencia_RF_compact_15_macrofull,referencia_RF_compact_15_macrofull,Referencia de bosque aleatorio; más lenta y generalmente menos competitiva.
0.592391304347826,0.4588080631025416,0.0909090909090909,0.2857142857142857,0.1379310344827586,-0.0546176094093941,0.2954027969847797,184,0.5141688577271399,103,60,15,6,0.6319018404907976,6,2023-05-01,2023-11-01,21,colombia_plus_global_compact,RandomForestClassifier,15,macrofull_x15,0.6680115560868699,528,250,h21__colombia_plus_global_compact__RandomForestClassifier__win15__wmacrofull_x15__referencia_RF_compact_15_macrofull,referencia_RF_compact_15_macrofull,Referencia de bosque aleatorio; más lenta y generalmente menos competitiva.
0.6208791208791209,0.5952380952380952,0.6451612903225806,0.7619047619047619,0.6986899563318777,0.2019555856707395,0.2674473190948697,182,0.5970315398886827,33,44,25,80,0.4285714285714285,7,2023-11-01,2024-05-01,21,colombia_plus_global_compact,RandomForestClassifier,15,macrofull_x15,0.581540147439729,528,250,h21__colombia_plus_global_compact__RandomForestClassifier__win15__wmacrofull_x15__referencia_RF_compact_15_macrofull,referencia_RF_compact_15_macrofull,Referencia de bosque aleatorio; más lenta y generalmente menos competitiva.
0.7445652173913043,0.7244725738396625,0.7338709677419355,0.8666666666666667,0.7947598253275109,0.4740400217266785,0.3584280040358756,184,0.8072332730560579,46,33,14,91,0.5822784810126582,8,2024-05-01,2024-11-01,21,colombia_plus_global_compact,RandomForestClassifier,15,macrofull_x15,0.6720238095238095,528,250,h21__colombia_plus_global_compact__RandomForestClassifier__win15__wmacrofull_x15__referencia_RF_compact_15_macrofull,referencia_RF_compact_15_macrofull,Referencia de bosque aleatorio; más lenta y generalmente menos competitiva.
0.569060773480663,0.5763991163475699,0.5277777777777778,0.6785714285714286,0.59375,0.1553354333941993,0.3239622972630073,181,0.6442071674030436,46,51,27,57,0.4742268041237113,9,2024-11-01,2025-05-01,21,colombia_plus_global_compact,RandomForestClassifier,15,macrofull_x15,0.6969780219780219,528,250,h21__colombia_plus_global_compact__RandomForestClassifier__win15__wmacrofull_x15__referencia_RF_compact_15_macrofull,referencia_RF_compact_15_macrofull,Referencia de bosque aleatorio; más lenta y generalmente menos competitiva.
0.7880434782608695,0.7773809523809524,0.8461538461538461,0.6547619047619048,0.738255033557047,0.5781174982500245,0.05,184,0.8920238095238096,90,10,29,55,0.9,0,2020-05-01,2020-11-01,21,colombia_plus_global_compact,LogisticRegression,10,recency_4y,0.6823593073593073,528,250,h21__colombia_plus_global_compact__LogisticRegression__win10__wrecency_4y__referencia_logit_compact_10_recency,referencia_logit_compact_10_recency,Referencia lineal/interpretable de menor capacidad.
0.7679558011049724,0.5,0.0,0.0,0.0,,0.878,181,0.735697156560466,139,0,42,0,1.0,1,2020-11-01,2021-05-01,21,colombia_plus_global_compact,LogisticRegression,10,recency_4y,0.6318542568542569,528,250,h21__colombia_plus_global_compact__LogisticRegression__win10__wrecency_4y__referencia_logit_compact_10_recency,referencia_logit_compact_10_recency,Referencia lineal/interpretable de menor capacidad.
0.8206521739130435,0.8987730061349692,0.3888888888888889,1.0,0.56,0.5569172133714495,0.05,184,0.925211802512416,130,33,0,21,0.7975460122699386,2,2021-05-01,2021-11-01,21,colombia_plus_global_compact,LogisticRegression,10,recency_4y,0.598558809855881,528,250,h21__colombia_plus_global_compact__LogisticRegression__win10__wrecency_4y__referencia_logit_compact_10_recency,referencia_logit_compact_10_recency,Referencia lineal/interpretable de menor capacidad.
0.5966850828729282,0.5902061855670103,0.5753424657534246,0.5,0.535031847133758,0.1834081020798979,0.536,181,0.7298723613156604,66,31,42,42,0.6804123711340206,3,2021-11-01,2022-05-01,21,colombia_plus_global_compact,LogisticRegression,10,recency_4y,0.5725323241879533,528,250,h21__colombia_plus_global_compact__LogisticRegression__win10__wrecency_4y__referencia_logit_compact_10_recency,referencia_logit_compact_10_recency,Referencia lineal/interpretable de menor capacidad.
0.8804347826086957,0.7665790242477359,0.4814814814814814,0.6190476190476191,0.5416666666666666,0.4791016989722167,0.914,184,0.8445807770961145,149,14,8,13,0.9141104294478528,4,2022-05-01,2022-11-01,21,colombia_plus_global_compact,LogisticRegression,10,recency_4y,0.7155677655677656,528,250,h21__colombia_plus_global_compact__LogisticRegression__win10__wrecency_4y__referencia_logit_compact_10_recency,referencia_logit_compact_10_recency,Referencia lineal/interpretable de menor capacidad.
0.5027624309392266,0.5714285714285714,1.0,0.1428571428571428,0.25,0.2557429863027122,0.059,181,0.8131578947368421,76,0,90,15,1.0,5,2022-11-01,2023-05-01,21,colombia_plus_global_compact,LogisticRegression,10,recency_4y,0.6228021978021978,528,250,h21__colombia_plus_global_compact__LogisticRegression__win10__wrecency_4y__referencia_logit_compact_10_recency,referencia_logit_compact_10_recency,Referencia lineal/interpretable de menor capacidad.
0.9130434782608696,0.6190476190476191,1.0,0.238095238095238,0.3846153846153846,0.4656318096695184,0.068,184,0.8106923751095529,163,0,16,5,1.0,6,2023-05-01,2023-11-01,21,colombia_plus_global_compact,LogisticRegression,10,recency_4y,0.8658763365876336,528,250,h21__colombia_plus_global_compact__LogisticRegression__win10__wrecency_4y__referencia_logit_compact_10_recency,referencia_logit_compact_10_recency,Referencia lineal/interpretable de menor capacidad.
0.7032967032967034,0.7428571428571429,1.0,0.4857142857142857,0.6538461538461539,0.5343184286603887,0.05,182,0.8724799010513296,77,0,54,51,1.0,7,2023-11-01,2024-05-01,21,colombia_plus_global_compact,LogisticRegression,10,recency_4y,0.6825396825396826,528,250,h21__colombia_plus_global_compact__LogisticRegression__win10__wrecency_4y__referencia_logit_compact_10_recency,referencia_logit_compact_10_recency,Referencia lineal/interpretable de menor capacidad.
0.6902173913043478,0.6533453887884267,0.6666666666666666,0.9142857142857144,0.7710843373493976,0.3680422440831717,0.932,184,0.8285714285714287,31,48,9,96,0.3924050632911392,8,2024-05-01,2024-11-01,21,colombia_plus_global_compact,LogisticRegression,10,recency_4y,0.8325396825396825,528,250,h21__colombia_plus_global_compact__LogisticRegression__win10__wrecency_4y__referencia_logit_compact_10_recency,referencia_logit_compact_10_recency,Referencia lineal/interpretable de menor capacidad.
0.6243093922651933,0.6494845360824743,0.5526315789473685,1.0,0.711864406779661,0.4064723242816726,0.4009999999999999,181,0.9166666666666666,29,68,0,84,0.2989690721649484,9,2024-11-01,2025-05-01,21,colombia_plus_global_compact,LogisticRegression,10,recency_4y,0.7519230769230769,528,250,h21__colombia_plus_global_compact__LogisticRegression__win10__wrecency_4y__referencia_logit_compact_10_recency,referencia_logit_compact_10_recency,Referencia lineal/interpretable de menor capacidad.
0.4673913043478261,0.47285714285714286,0.4326923076923077,0.5357142857142857,0.4787234042553192,-0.05454607891750538,0.5,184,0.47285714285714286,41,59,39,45,0.41,0,2020-05-01,2020-11-01,21,deterministic_baseline,Momentum_21,deterministic,deterministic,,1,0,,,
0.6464088397790055,0.420863309352518,0.0,0.0,0.0,-0.20447020072268574,0.5,181,0.420863309352518,117,22,42,0,0.841726618705036,1,2020-11-01,2021-05-01,21,deterministic_baseline,Momentum_21,deterministic,deterministic,,1,0,,,
0.782608695652174,0.6698802220274613,0.2682926829268293,0.5238095238095238,0.3548387096774194,0.2596069519016656,0.5,184,0.6698802220274612,133,30,10,11,0.8159509202453987,2,2021-05-01,2021-11-01,21,deterministic_baseline,Momentum_21,deterministic,deterministic,,1,0,,,
0.34806629834254144,0.3446858124693176,0.2976190476190476,0.2976190476190476,0.2976190476190476,-0.31062837506136476,0.5,181,0.3446858124693177,38,59,59,25,0.3917525773195876,3,2021-11-01,2022-05-01,21,deterministic_baseline,Momentum_21,deterministic,deterministic,,1,0,,,
0.7717391304347826,0.43558282208588955,0.0,0.0,0.0,-0.12883435582822086,0.5,184,0.43558282208588955,142,21,21,0,0.8711656441717791,4,2022-05-01,2022-11-01,21,deterministic_baseline,Momentum_21,deterministic,deterministic,,1,0,,,
0.3370165745856354,0.33590225563909776,0.41379310344827586,0.34285714285714286,0.375,-0.324198125644432,0.5,181,0.33590225563909776,25,51,69,36,0.32894736842105265,5,2022-11-01,2023-05-01,21,deterministic_baseline,Momentum_21,deterministic,deterministic,,1,0,,,
0.6739130434782609,0.3803680981595092,0.0,0.0,0.0,-0.18615047449253877,0.5,184,0.3803680981595092,124,39,21,0,0.7607361963190185,6,2023-05-01,2023-11-01,21,deterministic_baseline,Momentum_21,deterministic,deterministic,,1,0,,,
0.3076923076923077,0.30822510822510824,0.3764705882352941,0.3047619047619048,0.3368421052631579,-0.37981002540981534,0.5,182,0.30822510822510824,24,53,73,32,0.3116883116883117,7,2023-11-01,2024-05-01,21,deterministic_baseline,Momentum_21,deterministic,deterministic,,1,0,,,
0.34782608695652173,0.3345388788426763,0.42857142857142855,0.42857142857142855,0.42857142857142855,-0.3309222423146474,0.5,184,0.3345388788426763,19,60,60,45,0.24050632911392406,8,2024-05-01,2024-11-01,21,deterministic_baseline,Momentum_21,deterministic,deterministic,,1,0,,,
0.48066298342541436,0.4779700540009818,0.44047619047619047,0.44047619047619047,0.44047619047619047,-0.04405989199803633,0.5,181,0.4779700540009818,50,47,47,37,0.5154639175257731,9,2024-11-01,2025-05-01,21,deterministic_baseline,Momentum_21,deterministic,deterministic,,1,0,,,
0.45652173913043476,0.5,0.45652173913043476,1.0,0.6268656716417911,,0.5,184,0.5,0,100,0,84,0.0,0,2020-05-01,2020-11-01,21,deterministic_baseline,Momentum_63,deterministic,deterministic,,1,0,,,
0.6243093922651933,0.4064748201438849,0.0,0.0,0.0,-0.22513243568940264,0.5,181,0.4064748201438849,113,26,42,0,0.8129496402877698,1,2020-11-01,2021-05-01,21,deterministic_baseline,Momentum_63,deterministic,deterministic,,1,0,,,
0.5434782608695652,0.3067484662576687,0.0,0.0,0.0,-0.25899622539733164,0.5,184,0.3067484662576687,100,63,21,0,0.6134969325153374,2,2021-05-01,2021-11-01,21,deterministic_baseline,Momentum_63,deterministic,deterministic,,1,0,,,
0.30939226519337015,0.3221649484536082,0.336,0.5,0.4019138755980861,-0.38372831884083347,0.5,181,0.32216494845360827,14,83,42,42,0.14432989690721648,3,2021-11-01,2022-05-01,21,deterministic_baseline,Momentum_63,deterministic,deterministic,,1,0,,,
0.7228260869565217,0.40797546012269936,0.0,0.0,0.0,-0.15842222629643338,0.5,184,0.40797546012269936,133,30,21,0,0.8159509202453987,4,2022-05-01,2022-11-01,21,deterministic_baseline,Momentum_63,deterministic,deterministic,,1,0,,,
0.5193370165745856,0.46578947368421053,0.56,0.8,0.6588235294117647,-0.0896323371188401,0.5,181,0.46578947368421053,10,66,21,84,0.13157894736842105,5,2022-11-01,2023-05-01,21,deterministic_baseline,Momentum_63,deterministic,deterministic,,1,0,,,
0.5597826086956522,0.3159509202453988,0.0,0.0,0.0,-0.2496782017578028,0.5,184,0.3159509202453988,103,60,21,0,0.6319018404907976,6,2023-05-01,2023-11-01,21,deterministic_baseline,Momentum_63,deterministic,deterministic,,1,0,,,
0.42857142857142855,0.3974025974025974,0.504,0.6,0.5478260869565217,-0.2185817705816796,0.5,182,0.39740259740259737,15,62,42,63,0.19480519480519481,7,2023-11-01,2024-05-01,21,deterministic_baseline,Momentum_63,deterministic,deterministic,,1,0,,,
0.5,0.4506329113924051,0.5419354838709678,0.8,0.6461538461538462,-0.13412534699781306,0.5,184,0.4506329113924051,8,71,21,84,0.10126582278481013,8,2024-05-01,2024-11-01,21,deterministic_baseline,Momentum_63,deterministic,deterministic,,1,0,,,
0.39226519337016574,0.4162371134020619,0.4144736842105263,0.75,0.5338983050847458,-0.2277646644681786,0.5,181,0.4162371134020619,8,89,21,63,0.08247422680412371,9,2024-11-01,2025-05-01,21,deterministic_baseline,Momentum_63,deterministic,deterministic,,1,0,,,
0.532608695652174,0.5700000000000001,0.49411764705882355,1.0,0.6614173228346457,0.2630142022557628,0.5,184,0.5700000000000001,14,86,0,84,0.14,0,2020-05-01,2020-11-01,21,deterministic_baseline,MA_21_63,deterministic,deterministic,,1,0,,,
0.6464088397790055,0.420863309352518,0.0,0.0,0.0,-0.20447020072268574,0.5,181,0.420863309352518,117,22,42,0,0.841726618705036,1,2020-11-01,2021-05-01,21,deterministic_baseline,MA_21_63,deterministic,deterministic,,1,0,,,
0.6684782608695652,0.6884312007011393,0.21428571428571427,0.7142857142857143,0.32967032967032966,0.24682253876057997,0.5,184,0.6884312007011394,108,55,6,15,0.6625766871165644,2,2021-05-01,2021-11-01,21,deterministic_baseline,MA_21_63,deterministic,deterministic,,1,0,,,
0.30386740331491713,0.31541482572410406,0.32786885245901637,0.47619047619047616,0.3883495145631068,-0.39277731825341117,0.5,181,0.31541482572410406,15,82,44,40,0.15463917525773196,3,2021-11-01,2022-05-01,21,deterministic_baseline,MA_21_63,deterministic,deterministic,,1,0,,,
0.657608695652174,0.37116564417177916,0.0,0.0,0.0,-0.19520741848321804,0.5,184,0.3711656441717791,121,42,21,0,0.7423312883435583,4,2022-05-01,2022-11-01,21,deterministic_baseline,MA_21_63,deterministic,deterministic,,1,0,,,
0.49171270718232046,0.4583333333333333,0.5511811023622047,0.6666666666666666,0.603448275862069,-0.08989208613014062,0.5,181,0.4583333333333333,19,57,35,70,0.25,5,2022-11-01,2023-05-01,21,deterministic_baseline,MA_21_63,deterministic,deterministic,,1,0,,,
0.5543478260869565,0.3128834355828221,0.0,0.0,0.0,-0.25277155896283066,0.5,184,0.31288343558282206,102,61,21,0,0.6257668711656442,6,2023-05-01,2023-11-01,21,deterministic_baseline,MA_21_63,deterministic,deterministic,,1,0,,,
0.4065934065934066,0.37142857142857144,0.4883720930232558,0.6,0.5384615384615384,-0.2796286636895852,0.5,182,0.37142857142857144,11,66,42,63,0.14285714285714285,7,2023-11-01,2024-05-01,21,deterministic_baseline,MA_21_63,deterministic,deterministic,,1,0,,,
0.5,0.4506329113924051,0.5419354838709678,0.8,0.6461538461538462,-0.13412534699781306,0.5,184,0.4506329113924051,8,71,21,84,0.10126582278481013,8,2024-05-01,2024-11-01,21,deterministic_baseline,MA_21_63,deterministic,deterministic,,1,0,,,
0.47513812154696133,0.49355670103092786,0.45985401459854014,0.75,0.5701357466063348,-0.014982254397530044,0.5,181,0.49355670103092786,23,74,21,63,0.23711340206185566,9,2024-11-01,2025-05-01,21,deterministic_baseline,MA_21_63,deterministic,deterministic,,1,0,,,
0.45652173913043476,0.5,0.45652173913043476,1.0,0.6268656716417911,,0.5,184,0.5,0,100,0,84,0.0,0,2020-05-01,2020-11-01,21,deterministic_baseline,MA_63_126,deterministic,deterministic,,1,0,,,
0.580110497237569,0.3776978417266187,0.0,0.0,0.0,-0.26436139579142287,0.5,181,0.3776978417266187,105,34,42,0,0.7553956834532374,1,2020-11-01,2021-05-01,21,deterministic_baseline,MA_63_126,deterministic,deterministic,,1,0,,,
0.46195652173913043,0.2607361963190184,0.0,0.0,0.0,-0.3079003721893678,0.5,184,0.2607361963190184,85,78,21,0,0.5214723926380368,2,2021-05-01,2021-11-01,21,deterministic_baseline,MA_63_126,deterministic,deterministic,,1,0,,,
0.4861878453038674,0.5038659793814433,0.4666666666666667,0.75,0.5753424657534246,0.008856645039890537,0.5,181,0.5038659793814433,25,72,21,63,0.25773195876288657,3,2021-11-01,2022-05-01,21,deterministic_baseline,MA_63_126,deterministic,deterministic,,1,0,,,
0.5652173913043478,0.31901840490797545,0.0,0.0,0.0,-0.2465964637842973,0.5,184,0.31901840490797545,104,59,21,0,0.6380368098159509,4,2022-05-01,2022-11-01,21,deterministic_baseline,MA_63_126,deterministic,deterministic,,1,0,,,
0.49171270718232046,0.4710526315789474,0.5575221238938053,0.6,0.5779816513761468,-0.05899929902469248,0.5,181,0.47105263157894733,26,50,42,63,0.34210526315789475,5,2022-11-01,2023-05-01,21,deterministic_baseline,MA_63_126,deterministic,deterministic,,1,0,,,
0.592391304347826,0.7699386503067485,0.21875,1.0,0.358974358974359,0.3436541277348527,0.5,184,0.7699386503067485,88,75,0,21,0.5398773006134969,6,2023-05-01,2023-11-01,21,deterministic_baseline,MA_63_126,deterministic,deterministic,,1,0,,,
0.521978021978022,0.4800865800865801,0.5642857142857143,0.7523809523809524,0.6448979591836734,-0.04670110929694324,0.5,182,0.48008658008658006,16,61,26,79,0.2077922077922078,7,2023-11-01,2024-05-01,21,deterministic_baseline,MA_63_126,deterministic,deterministic,,1,0,,,
0.5706521739130435,0.5,0.5706521739130435,1.0,0.726643598615917,,0.5,184,0.5,0,79,0,105,0.0,8,2024-05-01,2024-11-01,21,deterministic_baseline,MA_63_126,deterministic,deterministic,,1,0,,,
0.46408839779005523,0.5,0.46408839779005523,1.0,0.6339622641509434,,0.5,181,0.5,0,97,0,84,0.0,9,2024-11-01,2025-05-01,21,deterministic_baseline,MA_63_126,deterministic,deterministic,,1,0,,,
0.5,0.4961904761904762,0.4523809523809524,0.4523809523809524,0.4523809523809524,-0.007619047619047619,0.5,184,0.49619047619047624,54,46,46,38,0.54,0,2020-05-01,2020-11-01,21,deterministic_baseline,TRM_Momentum_21,deterministic,deterministic,,1,0,,,
0.569060773480663,0.5698869475847893,0.2857142857142857,0.5714285714285714,0.38095238095238093,0.11831303721052223,0.5,181,0.5698869475847893,79,60,18,24,0.5683453237410072,1,2020-11-01,2021-05-01,21,deterministic_baseline,TRM_Momentum_21,deterministic,deterministic,,1,0,,,
0.4891304347826087,0.483494011101373,0.10752688172043011,0.47619047619047616,0.17543859649122806,-0.020994852289319004,0.5,184,0.4834940111013731,80,83,11,10,0.49079754601226994,2,2021-05-01,2021-11-01,21,deterministic_baseline,TRM_Momentum_21,deterministic,deterministic,,1,0,,,
0.430939226519337,0.42599410898379975,0.379746835443038,0.35714285714285715,0.36809815950920244,-0.148836060442175,0.5,181,0.42599410898379975,48,49,54,30,0.4948453608247423,3,2021-11-01,2022-05-01,21,deterministic_baseline,TRM_Momentum_21,deterministic,deterministic,,1,0,,,
0.33695652173913043,0.4598305579900672,0.10236220472440945,0.6190476190476191,0.17567567567567569,-0.05524461558850191,0.5,184,0.4598305579900672,49,114,8,13,0.3006134969325153,4,2022-05-01,2022-11-01,21,deterministic_baseline,TRM_Momentum_21,deterministic,deterministic,,1,0,,,
0.2265193370165746,0.24793233082706767,0.2033898305084746,0.11428571428571428,0.14634146341463414,-0.5308143630756724,0.5,181,0.24793233082706767,29,47,93,12,0.3815789473684211,5,2022-11-01,2023-05-01,21,deterministic_baseline,TRM_Momentum_21,deterministic,deterministic,,1,0,,,
0.46195652173913043,0.32296231375985973,0.03571428571428571,0.14285714285714285,0.05714285714285714,-0.22602658699652484,0.5,184,0.32296231375985973,82,81,18,3,0.5030674846625767,6,2023-05-01,2023-11-01,21,deterministic_baseline,TRM_Momentum_21,deterministic,deterministic,,1,0,,,
0.4835164835164835,0.5108225108225108,0.5932203389830508,0.3333333333333333,0.4268292682926829,0.022846489365401037,0.5,182,0.5108225108225108,53,24,70,35,0.6883116883116883,7,2023-11-01,2024-05-01,21,deterministic_baseline,TRM_Momentum_21,deterministic,deterministic,,1,0,,,
0.3532608695652174,0.3361663652802893,0.43636363636363634,0.45714285714285713,0.44651162790697674,-0.3307722403405328,0.5,184,0.3361663652802893,17,62,57,48,0.21518987341772153,8,2024-05-01,2024-11-01,21,deterministic_baseline,TRM_Momentum_21,deterministic,deterministic,,1,0,,,
0.430939226519337,0.42998281786941583,0.39325842696629215,0.4166666666666667,0.4046242774566474,-0.1396918977072416,0.5,181,0.42998281786941583,43,54,49,35,0.44329896907216493,9,2024-11-01,2025-05-01,21,deterministic_baseline,TRM_Momentum_21,deterministic,deterministic,,1,0,,,
0.6684782608695652,0.6864285714285714,0.5905511811023622,0.8928571428571429,0.7109004739336493,0.40164542278682835,0.5,184,0.6864285714285714,48,52,9,75,0.48,0,2020-05-01,2020-11-01,21,deterministic_baseline,Brent_Momentum_21,deterministic,deterministic,,1,0,,,
0.39779005524861877,0.5746831106543336,0.26573426573426573,0.9047619047619048,0.41081081081081083,0.15481912997819777,0.5,181,0.5746831106543336,34,105,4,38,0.2446043165467626,1,2020-11-01,2021-05-01,21,deterministic_baseline,Brent_Momentum_21,deterministic,deterministic,,1,0,,,
0.2717391304347826,0.443762781186094,0.09929078014184398,0.6666666666666666,0.1728395061728395,-0.08451104965558505,0.5,184,0.443762781186094,36,127,7,14,0.22085889570552147,2,2021-05-01,2021-11-01,21,deterministic_baseline,Brent_Momentum_21,deterministic,deterministic,,1,0,,,
0.6077348066298343,0.6140770741286206,0.5619047619047619,0.7023809523809523,0.6243386243386243,0.2305432620800327,0.5,181,0.6140770741286206,51,46,25,59,0.5257731958762887,3,2021-11-01,2022-05-01,21,deterministic_baseline,Brent_Momentum_21,deterministic,deterministic,,1,0,,,
0.532608695652174,0.3835816535203038,0.0547945205479452,0.19047619047619047,0.0851063829787234,-0.15133241139889525,0.5,184,0.3835816535203038,94,69,17,4,0.5766871165644172,4,2022-05-01,2022-11-01,21,deterministic_baseline,Brent_Momentum_21,deterministic,deterministic,,1,0,,,
0.5359116022099447,0.5473057644110275,0.6329113924050633,0.47619047619047616,0.5434782608695652,0.09415250395541092,0.5,181,0.5473057644110276,47,29,55,50,0.618421052631579,5,2022-11-01,2023-05-01,21,deterministic_baseline,Brent_Momentum_21,deterministic,deterministic,,1,0,,,
0.5217391304347826,0.7300613496932515,0.1926605504587156,1.0,0.3230769230769231,0.2977372877930371,0.5,184,0.7300613496932515,75,88,0,21,0.4601226993865031,6,2023-05-01,2023-11-01,21,deterministic_baseline,Brent_Momentum_21,deterministic,deterministic,,1,0,,,
0.3956043956043956,0.3826839826839827,0.47572815533980584,0.4666666666666667,0.47115384615384615,-0.2338811177750057,0.5,182,0.3826839826839827,23,54,56,49,0.2987012987012987,7,2023-11-01,2024-05-01,21,deterministic_baseline,Brent_Momentum_21,deterministic,deterministic,,1,0,,,
0.391304347826087,0.4086799276672694,0.44776119402985076,0.2857142857142857,0.3488372093023256,-0.18787721138552563,0.5,184,0.40867992766726935,42,37,75,30,0.5316455696202531,8,2024-05-01,2024-11-01,21,deterministic_baseline,Brent_Momentum_21,deterministic,deterministic,,1,0,,,
0.4419889502762431,0.4339101620029455,0.38028169014084506,0.32142857142857145,0.34838709677419355,-0.13500960796921815,0.5,181,0.4339101620029456,53,44,57,27,0.5463917525773195,9,2024-11-01,2025-05-01,21,deterministic_baseline,Brent_Momentum_21,deterministic,deterministic,,1,0,,,
